Log file open, 03/27/25 21:27:37
LogWindows: Failed to load 'aqProf.dll' (GetLastError=126)
LogWindows: File 'aqProf.dll' does not exist
LogWindows: Failed to load 'VtuneApi.dll' (GetLastError=126)
LogWindows: File 'VtuneApi.dll' does not exist
LogWindows: Failed to load 'VtuneApi32e.dll' (GetLastError=126)
LogWindows: File 'VtuneApi32e.dll' does not exist
LogConsoleResponse: Display: Failed to find resolution value strings in scalability ini. Falling back to default.
LogConsoleResponse: Display: Failed to find resolution value strings in scalability ini. Falling back to default.
LogInit: Display: Running engine for game: PruebaMobileGame
LogPlatformFile: Not using cached read wrapper
LogTaskGraph: Started task graph with 5 named threads and 35 total threads with 3 sets of task threads.
LogStats: Stats thread started at 0.426998
LogICUInternationalization: ICU TimeZone Detection - Raw Offset: -5:00, Platform Override: ''
LogInit: Display: Loading text-based GConfig....
LogPluginManager: Mounting plugin MeshPainting
LogPluginManager: Mounting plugin XGEController
LogPluginManager: Mounting plugin Paper2D
LogPluginManager: Mounting plugin AISupport
LogPluginManager: Mounting plugin EnvironmentQueryEditor
LogPluginManager: Mounting plugin LiveLink
LogPluginManager: Mounting plugin LightPropagationVolume
LogPluginManager: Mounting plugin GameplayCameras
LogPluginManager: Mounting plugin CameraShakePreviewer
LogPluginManager: Mounting plugin OodleNetwork
LogPluginManager: Mounting plugin AnimationSharing
LogPluginManager: Mounting plugin CLionSourceCodeAccess
LogPluginManager: Mounting plugin OodleData
LogPluginManager: Mounting plugin GitSourceControl
LogPluginManager: Mounting plugin CodeLiteSourceCodeAccess
LogPluginManager: Mounting plugin AssetManagerEditor
LogPluginManager: Mounting plugin NullSourceCodeAccess
LogPluginManager: Mounting plugin PixWinPlugin
LogPluginManager: Mounting plugin PerforceSourceControl
LogPluginManager: Mounting plugin PlasticSourceControl
LogPluginManager: Mounting plugin KDevelopSourceCodeAccess
LogPluginManager: Mounting plugin PluginUtils
LogPluginManager: Mounting plugin CryptoKeys
LogPluginManager: Mounting plugin PropertyAccessNode
LogPluginManager: Mounting plugin SubversionSourceControl
LogPluginManager: Mounting plugin TextureFormatOodle
LogPluginManager: Mounting plugin CurveEditorTools
LogPluginManager: Mounting plugin RiderSourceCodeAccess
LogPluginManager: Mounting plugin DataValidation
LogPluginManager: Mounting plugin GeometryMode
LogPluginManager: Mounting plugin FacialAnimation
LogPluginManager: Mounting plugin UObjectPlugin
LogPluginManager: Mounting plugin MacGraphicsSwitching
LogPluginManager: Mounting plugin GameplayTagsEditor
LogPluginManager: Mounting plugin MaterialAnalyzer
LogPluginManager: Mounting plugin MobileLauncherProfileWizard
LogPluginManager: Mounting plugin StylusInput
LogPluginManager: Mounting plugin PluginBrowser
LogPluginManager: Mounting plugin SpeedTreeImporter
LogPluginManager: Mounting plugin VisualStudioSourceCodeAccess
LogPluginManager: Mounting plugin VisualStudioCodeSourceCodeAccess
LogPluginManager: Mounting plugin AlembicImporter
LogPluginManager: Mounting plugin XCodeSourceCodeAccess
LogPluginManager: Mounting plugin AutomationUtils
LogPluginManager: Mounting plugin BackChannel
LogPluginManager: Mounting plugin ChaosCloth
LogPluginManager: Mounting plugin ChaosClothEditor
LogPluginManager: Mounting plugin ChaosNiagara
LogPluginManager: Mounting plugin ChaosEditor
LogPluginManager: Mounting plugin ChaosSolverPlugin
LogPluginManager: Mounting plugin CharacterAI
LogPluginManager: Mounting plugin GeometryCache
LogPluginManager: Mounting plugin GeometryCollectionPlugin
LogPluginManager: Mounting plugin GeometryProcessing
LogPluginManager: Mounting plugin MeshModelingToolset
LogPluginManager: Mounting plugin ModelingToolsEditorMode
LogPluginManager: Mounting plugin MotoSynth
LogPluginManager: Mounting plugin OpenImageDenoise
LogPluginManager: Mounting plugin PlanarCut
LogPluginManager: Mounting plugin ProxyLODPlugin
LogPluginManager: Mounting plugin PythonScriptPlugin
LogPluginManager: Mounting plugin PlatformCrypto
LogPluginManager: Mounting plugin SkeletalReduction
LogPluginManager: Mounting plugin Niagara
LogPluginManager: Mounting plugin DatasmithContent
LogPluginManager: Mounting plugin AndroidMedia
LogPluginManager: Mounting plugin VariantManagerContent
LogPluginManager: Mounting plugin AvfMedia
LogPluginManager: Mounting plugin MagicLeap
LogPluginManager: Mounting plugin LuminPlatformFeatures
LogPluginManager: Mounting plugin ImgMedia
LogPluginManager: Mounting plugin MediaCompositing
LogPluginManager: Mounting plugin MagicLeapLightEstimation
LogPluginManager: Mounting plugin MediaPlayerEditor
LogPluginManager: Mounting plugin MagicLeapMedia
LogPluginManager: Mounting plugin WebMMedia
LogPluginManager: Mounting plugin MagicLeapPassableWorld
LogPluginManager: Mounting plugin WmfMedia
LogPluginManager: Mounting plugin MLSDK
LogPluginManager: Mounting plugin ActorSequence
LogPluginManager: Mounting plugin LevelSequenceEditor
LogPluginManager: Mounting plugin MatineeToLevelSequence
LogPluginManager: Mounting plugin TemplateSequence
LogPluginManager: Mounting plugin TcpMessaging
LogPluginManager: Mounting plugin UdpMessaging
LogPluginManager: Mounting plugin OnlineSubsystem
LogPluginManager: Mounting plugin OnlineSubsystemNull
LogPluginManager: Mounting plugin OnlineSubsystemUtils
LogPluginManager: Mounting plugin LauncherChunkInstaller
LogPluginManager: Mounting plugin ActorLayerUtilities
LogPluginManager: Mounting plugin AndroidDeviceProfileSelector
LogPluginManager: Mounting plugin AndroidPermission
LogPluginManager: Mounting plugin AndroidMoviePlayer
LogPluginManager: Mounting plugin AppleImageUtils
LogPluginManager: Mounting plugin AppleMoviePlayer
LogPluginManager: Mounting plugin ArchVisCharacter
LogPluginManager: Mounting plugin AssetTags
LogPluginManager: Mounting plugin AudioCapture
LogPluginManager: Mounting plugin AudioSynesthesia
LogPluginManager: Mounting plugin CableComponent
LogPluginManager: Mounting plugin ChunkDownloader
LogPluginManager: Mounting plugin CustomMeshComponent
LogPluginManager: Mounting plugin EditableMesh
LogPluginManager: Mounting plugin ExampleDeviceProfileSelector
LogPluginManager: Mounting plugin GooglePAD
LogPluginManager: Mounting plugin GoogleCloudMessaging
LogPluginManager: Mounting plugin HairStrands
LogPluginManager: Mounting plugin IOSDeviceProfileSelector
LogPluginManager: Mounting plugin LocationServicesBPLibrary
LogPluginManager: Mounting plugin LinuxDeviceProfileSelector
LogPluginManager: Mounting plugin OpenXR
LogPluginManager: Mounting plugin MobilePatchingUtils
LogPluginManager: Mounting plugin OpenXREyeTracker
LogPluginManager: Mounting plugin OpenXRHandTracking
LogPluginManager: Mounting plugin PhysXVehicles
LogPluginManager: Mounting plugin PostSplashScreen
LogPluginManager: Mounting plugin PropertyAccessEditor
LogPluginManager: Mounting plugin SignificanceManager
LogPluginManager: Mounting plugin SoundFields
LogPluginManager: Mounting plugin ProceduralMeshComponent
LogPluginManager: Mounting plugin RuntimePhysXCooking
LogPluginManager: Mounting plugin Synthesis
LogPluginManager: Mounting plugin WebMMoviePlayer
LogPluginManager: Mounting plugin WindowsMoviePlayer
LogPluginManager: Mounting plugin ScreenshotTools
LogPluginManager: Mounting plugin Takes
LogPluginManager: Mounting plugin ContentBrowserAssetDataSource
LogPluginManager: Mounting plugin ContentBrowserClassDataSource
LogPluginManager: Mounting plugin ContentBrowserFileDataSource
LogPluginManager: Mounting plugin OnlineSubsystemIOS
LogPluginManager: Mounting plugin OnlineSubsystemGooglePlay
LogPluginManager: Mounting plugin OculusVR
LogPluginManager: Mounting plugin SteamVR
PixWinPlugin: PIX capture plugin failed to initialize! Check that the process is launched from PIX.
LogLuminAPIImpl: Warning: MLSDK not found.  This likely means the MLSDK environment variable is not set.
LogInit: Using libcurl 7.55.1-DEV
LogInit:  - built for x86_64-pc-win32
LogInit:  - supports SSL with OpenSSL/1.1.1
LogInit:  - supports HTTP deflate (compression) using libz 1.2.8
LogInit:  - other features:
LogInit:      CURL_VERSION_SSL
LogInit:      CURL_VERSION_LIBZ
LogInit:      CURL_VERSION_IPV6
LogInit:      CURL_VERSION_ASYNCHDNS
LogInit:      CURL_VERSION_LARGEFILE
LogInit:      CURL_VERSION_IDN
LogInit:  CurlRequestOptions (configurable via config and command line):
LogInit:  - bVerifyPeer = true  - Libcurl will verify peer certificate
LogInit:  - bUseHttpProxy = false  - Libcurl will NOT use HTTP proxy
LogInit:  - bDontReuseConnections = false  - Libcurl will reuse connections
LogInit:  - MaxHostConnections = 16  - Libcurl will limit the number of connections to a host
LogInit:  - LocalHostAddr = Default
LogInit:  - BufferSize = 65536
LogOnline: OSS: Creating online subsystem instance for: NULL
LogInit: WinSock: version 1.1 (2.2), MaxSocks=32767, MaxUdp=65467
LogOnline: OSS: TryLoadSubsystemAndSetDefault: Loaded subsystem for module [NULL]
LogOculusPluginWrapper: OculusPlugin initialized successfully
LogHMD: Failed initializing OVRPlugin 1.59.0
LogInit: Build: ++UE4+Release-4.27-CL-18319896
LogInit: Engine Version: 4.27.2-18319896+++UE4+Release-4.27
LogInit: Compatible Engine Version: 4.27.0-17155196+++UE4+Release-4.27
LogInit: Net CL: 17155196
LogInit: OS: Windows 10 (Release 2009) (), CPU: AMD Ryzen 5 5600G with Radeon Graphics         , GPU: NVIDIA GeForce RTX 2060
LogInit: Compiled (64-bit): Nov 30 2021 07:12:08
LogInit: Compiled with Visual C++: 19.24.28315.00
LogInit: Build Configuration: Development
LogInit: Branch Name: ++UE4+Release-4.27
LogInit: Command Line: 
LogInit: Base Directory: D:/epic/UE_4.27/Engine/Binaries/Win64/
LogInit: Allocator: TBB
LogInit: Installed Engine Build: 1
LogDevObjectVersion: Number of dev versions registered: 29
LogDevObjectVersion:   Dev-Blueprints (B0D832E4-1F89-4F0D-ACCF-7EB736FD4AA2): 10
LogDevObjectVersion:   Dev-Build (E1C64328-A22C-4D53-A36C-8E866417BD8C): 0
LogDevObjectVersion:   Dev-Core (375EC13C-06E4-48FB-B500-84F0262A717E): 4
LogDevObjectVersion:   Dev-Editor (E4B068ED-F494-42E9-A231-DA0B2E46BB41): 40
LogDevObjectVersion:   Dev-Framework (CFFC743F-43B0-4480-9391-14DF171D2073): 37
LogDevObjectVersion:   Dev-Mobile (B02B49B5-BB20-44E9-A304-32B752E40360): 3
LogDevObjectVersion:   Dev-Networking (A4E4105C-59A1-49B5-A7C5-40C4547EDFEE): 0
LogDevObjectVersion:   Dev-Online (39C831C9-5AE6-47DC-9A44-9C173E1C8E7C): 0
LogDevObjectVersion:   Dev-Physics (78F01B33-EBEA-4F98-B9B4-84EACCB95AA2): 14
LogDevObjectVersion:   Dev-Platform (6631380F-2D4D-43E0-8009-CF276956A95A): 0
LogDevObjectVersion:   Dev-Rendering (12F88B9F-8875-4AFC-A67C-D90C383ABD29): 45
LogDevObjectVersion:   Dev-Sequencer (7B5AE74C-D270-4C10-A958-57980B212A5A): 13
LogDevObjectVersion:   Dev-VR (D7296918-1DD6-4BDD-9DE2-64A83CC13884): 3
LogDevObjectVersion:   Dev-LoadTimes (C2A15278-BFE7-4AFE-6C17-90FF531DF755): 1
LogDevObjectVersion:   Private-Geometry (6EACA3D4-40EC-4CC1-B786-8BED09428FC5): 3
LogDevObjectVersion:   Dev-AnimPhys (29E575DD-E0A3-4627-9D10-D276232CDCEA): 17
LogDevObjectVersion:   Dev-Anim (AF43A65D-7FD3-4947-9873-3E8ED9C1BB05): 15
LogDevObjectVersion:   Dev-ReflectionCapture (6B266CEC-1EC7-4B8F-A30B-E4D90942FC07): 1
LogDevObjectVersion:   Dev-Automation (0DF73D61-A23F-47EA-B727-89E90C41499A): 1
LogDevObjectVersion:   FortniteMain (601D1886-AC64-4F84-AA16-D3DE0DEAC7D6): 47
LogDevObjectVersion:   FortniteRelease (E7086368-6B23-4C58-8439-1B7016265E91): 1
LogDevObjectVersion:   Dev-Enterprise (9DFFBCD6-494F-0158-E221-12823C92A888): 10
LogDevObjectVersion:   Dev-Niagara (F2AED0AC-9AFE-416F-8664-AA7FFA26D6FC): 1
LogDevObjectVersion:   Dev-Destruction (174F1F0B-B4C6-45A5-B13F-2EE8D0FB917D): 10
LogDevObjectVersion:   Dev-Physics-Ext (35F94A83-E258-406C-A318-09F59610247C): 41
LogDevObjectVersion:   Dev-PhysicsMaterial-Chaos (B68FC16E-8B1B-42E2-B453-215C058844FE): 1
LogDevObjectVersion:   Dev-CineCamera (B2E18506-4273-CFC2-A54E-F4BB758BBA07): 1
LogDevObjectVersion:   Dev-VirtualProduction (64F58936-FD1B-42BA-BA96-7289D5D0FA4E): 1
LogDevObjectVersion:   Dev-MediaFramework (6F0ED827-A609-4895-9C91-998D90180EA4): 2
LogInit: Presizing for max 25165824 objects, including 0 objects not considered by GC, pre-allocating 0 bytes for permanent pool.
LogConfig: Applying CVar settings from Section [/Script/Engine.StreamingSettings] File [D:/DocsNaty/Documents/GitHub/MobileGame/PruebaMobileGame/Saved/Config/Windows/Engine.ini]
LogConfig: Setting CVar [[s.MinBulkDataSizeForAsyncLoading:131072]]
LogConfig: Setting CVar [[s.AsyncLoadingThreadEnabled:0]]
LogConfig: Setting CVar [[s.EventDrivenLoaderEnabled:1]]
LogConfig: Setting CVar [[s.WarnIfTimeLimitExceeded:0]]
LogConfig: Setting CVar [[s.TimeLimitExceededMultiplier:1.5]]
LogConfig: Setting CVar [[s.TimeLimitExceededMinTime:0.005]]
LogConfig: Setting CVar [[s.UseBackgroundLevelStreaming:1]]
LogConfig: Setting CVar [[s.PriorityAsyncLoadingExtraTime:15.0]]
LogConfig: Setting CVar [[s.LevelStreamingActorsUpdateTimeLimit:5.0]]
LogConfig: Setting CVar [[s.PriorityLevelStreamingActorsUpdateExtraTime:5.0]]
LogConfig: Setting CVar [[s.LevelStreamingComponentsRegistrationGranularity:10]]
LogConfig: Setting CVar [[s.UnregisterComponentsTimeLimit:1.0]]
LogConfig: Setting CVar [[s.LevelStreamingComponentsUnregistrationGranularity:5]]
LogConfig: Setting CVar [[s.FlushStreamingOnExit:1]]
LogInit: Object subsystem initialized
LogConfig: Setting CVar [[con.DebugEarlyDefault:1]]
LogConfig: Setting CVar [[r.setres:1280x720]]
LogConfig: Setting CVar [[fx.NiagaraAllowRuntimeScalabilityChanges:1]]
[2025.03.28-02.27.37:736][  0]LogConfig: Setting CVar [[r.VSync:0]]
[2025.03.28-02.27.37:736][  0]LogConfig: Setting CVar [[r.RHICmdBypass:0]]
[2025.03.28-02.27.37:736][  0]LogConfig: Applying CVar settings from Section [/Script/Engine.RendererSettings] File [D:/DocsNaty/Documents/GitHub/MobileGame/PruebaMobileGame/Saved/Config/Windows/Engine.ini]
[2025.03.28-02.27.37:736][  0]LogConfig: Setting CVar [[r.GPUCrashDebugging:0]]
[2025.03.28-02.27.37:736][  0]LogConfig: Setting CVar [[r.Mobile.ShadingPath:0]]
[2025.03.28-02.27.37:736][  0]LogConfig: Setting CVar [[r.Mobile.SupportGPUScene:1]]
[2025.03.28-02.27.37:736][  0]LogConfig: Setting CVar [[r.Mobile.AllowDitheredLODTransition:0]]
[2025.03.28-02.27.37:736][  0]LogConfig: Setting CVar [[r.Mobile.VirtualTextures:0]]
[2025.03.28-02.27.37:736][  0]LogConfig: Setting CVar [[r.DiscardUnusedQuality:0]]
[2025.03.28-02.27.37:736][  0]LogConfig: Setting CVar [[r.AllowOcclusionQueries:1]]
[2025.03.28-02.27.37:736][  0]LogConfig: Setting CVar [[r.MinScreenRadiusForLights:0.030000]]
[2025.03.28-02.27.37:736][  0]LogConfig: Setting CVar [[r.MinScreenRadiusForDepthPrepass:0.030000]]
[2025.03.28-02.27.37:736][  0]LogConfig: Setting CVar [[r.PrecomputedVisibilityWarning:0]]
[2025.03.28-02.27.37:736][  0]LogConfig: Setting CVar [[r.TextureStreaming:1]]
[2025.03.28-02.27.37:736][  0]LogConfig: Setting CVar [[Compat.UseDXT5NormalMaps:0]]
[2025.03.28-02.27.37:736][  0]LogConfig: Setting CVar [[r.VirtualTextures:0]]
[2025.03.28-02.27.37:736][  0]LogConfig: Setting CVar [[r.VT.EnableAutoImport:1]]
[2025.03.28-02.27.37:736][  0]LogConfig: Setting CVar [[r.VirtualTexturedLightmaps:0]]
[2025.03.28-02.27.37:736][  0]LogConfig: Setting CVar [[r.VT.TileSize:128]]
[2025.03.28-02.27.37:736][  0]LogConfig: Setting CVar [[r.VT.TileBorderSize:4]]
[2025.03.28-02.27.37:736][  0]LogConfig: Setting CVar [[r.vt.FeedbackFactor:16]]
[2025.03.28-02.27.37:736][  0]LogConfig: Setting CVar [[r.ClearCoatNormal:0]]
[2025.03.28-02.27.37:736][  0]LogConfig: Setting CVar [[r.ReflectionCaptureResolution:128]]
[2025.03.28-02.27.37:736][  0]LogConfig: Setting CVar [[r.ReflectionEnvironmentLightmapMixBasedOnRoughness:1]]
[2025.03.28-02.27.37:736][  0]LogConfig: Setting CVar [[r.RayTracing.Shadows:0]]
[2025.03.28-02.27.37:736][  0]LogConfig: Setting CVar [[r.RayTracing:1]]
[2025.03.28-02.27.37:736][  0]LogConfig: Setting CVar [[r.RayTracing.UseTextureLod:0]]
[2025.03.28-02.27.37:736][  0]LogConfig: Setting CVar [[r.GenerateMeshDistanceFields:1]]
[2025.03.28-02.27.37:736][  0]LogConfig: Setting CVar [[r.DistanceFields.DefaultVoxelDensity:0.200000]]
[2025.03.28-02.27.37:736][  0]LogConfig: Setting CVar [[r.AllowStaticLighting:0]]
[2025.03.28-02.27.37:736][  0]LogConfig: Setting CVar [[r.NormalMapsForStaticLighting:0]]
[2025.03.28-02.27.37:736][  0]LogConfig: Setting CVar [[r.ForwardShading:0]]
[2025.03.28-02.27.37:736][  0]LogConfig: Setting CVar [[r.VertexFoggingForOpaque:1]]
[2025.03.28-02.27.37:736][  0]LogConfig: Setting CVar [[r.SeparateTranslucency:0]]
[2025.03.28-02.27.37:736][  0]LogConfig: Setting CVar [[r.TranslucentSortPolicy:0]]
[2025.03.28-02.27.37:736][  0]LogConfig: Setting CVar [[r.CustomDepth:1]]
[2025.03.28-02.27.37:737][  0]LogConfig: Setting CVar [[r.CustomDepthTemporalAAJitter:1]]
[2025.03.28-02.27.37:737][  0]LogConfig: Setting CVar [[r.PostProcessing.PropagateAlpha:0]]
[2025.03.28-02.27.37:737][  0]LogConfig: Setting CVar [[r.DefaultFeature.Bloom:0]]
[2025.03.28-02.27.37:737][  0]LogConfig: Setting CVar [[r.DefaultFeature.AmbientOcclusion:0]]
[2025.03.28-02.27.37:737][  0]LogConfig: Setting CVar [[r.DefaultFeature.AmbientOcclusionStaticFraction:1]]
[2025.03.28-02.27.37:737][  0]LogConfig: Setting CVar [[r.DefaultFeature.AutoExposure:0]]
[2025.03.28-02.27.37:737][  0]LogConfig: Setting CVar [[r.DefaultFeature.AutoExposure.Method:0]]
[2025.03.28-02.27.37:737][  0]LogConfig: Setting CVar [[r.DefaultFeature.AutoExposure.Bias:1.000000]]
[2025.03.28-02.27.37:737][  0]LogConfig: Setting CVar [[r.DefaultFeature.AutoExposure.ExtendDefaultLuminanceRange:1]]
[2025.03.28-02.27.37:737][  0]LogConfig: Setting CVar [[r.DefaultFeature.MotionBlur:0]]
[2025.03.28-02.27.37:737][  0]LogConfig: Setting CVar [[r.DefaultFeature.LensFlare:0]]
[2025.03.28-02.27.37:737][  0]LogConfig: Setting CVar [[r.TemporalAA.Upsampling:1]]
[2025.03.28-02.27.37:737][  0]LogConfig: Setting CVar [[r.MSAACount:4]]
[2025.03.28-02.27.37:737][  0]LogConfig: Setting CVar [[r.DefaultFeature.LightUnits:1]]
[2025.03.28-02.27.37:737][  0]LogConfig: Setting CVar [[r.DefaultBackBufferPixelFormat:4]]
[2025.03.28-02.27.37:737][  0]LogConfig: Setting CVar [[r.Shadow.UnbuiltPreviewInGame:1]]
[2025.03.28-02.27.37:737][  0]LogConfig: Setting CVar [[r.StencilForLODDither:0]]
[2025.03.28-02.27.37:737][  0]LogConfig: Setting CVar [[r.EarlyZPass:3]]
[2025.03.28-02.27.37:737][  0]LogConfig: Setting CVar [[r.EarlyZPassOnlyMaterialMasking:0]]
[2025.03.28-02.27.37:737][  0]LogConfig: Setting CVar [[r.DBuffer:1]]
[2025.03.28-02.27.37:737][  0]LogConfig: Setting CVar [[r.ClearSceneMethod:1]]
[2025.03.28-02.27.37:737][  0]LogConfig: Setting CVar [[r.SelectiveBasePassOutputs:0]]
[2025.03.28-02.27.37:737][  0]LogConfig: Setting CVar [[fx.GPUSimulationTextureSizeX:1024]]
[2025.03.28-02.27.37:737][  0]LogConfig: Setting CVar [[fx.GPUSimulationTextureSizeY:1024]]
[2025.03.28-02.27.37:737][  0]LogConfig: Setting CVar [[r.AllowGlobalClipPlane:0]]
[2025.03.28-02.27.37:737][  0]LogConfig: Setting CVar [[r.GBufferFormat:1]]
[2025.03.28-02.27.37:737][  0]LogConfig: Setting CVar [[r.MorphTarget.Mode:1]]
[2025.03.28-02.27.37:737][  0]LogConfig: Setting CVar [[r.SupportSkyAtmosphere:1]]
[2025.03.28-02.27.37:737][  0]LogConfig: Setting CVar [[r.SupportSkyAtmosphereAffectsHeightFog:1]]
[2025.03.28-02.27.37:737][  0]LogConfig: Setting CVar [[r.VolumetricFog.LightFunction:1]]
[2025.03.28-02.27.37:737][  0]LogConfig: Setting CVar [[vr.InstancedStereo:0]]
[2025.03.28-02.27.37:737][  0]LogConfig: Setting CVar [[r.MobileHDR:1]]
[2025.03.28-02.27.37:737][  0]LogConfig: Setting CVar [[vr.MobileMultiView:0]]
[2025.03.28-02.27.37:737][  0]LogConfig: Setting CVar [[r.Mobile.UseHWsRGBEncoding:0]]
[2025.03.28-02.27.37:738][  0]LogConfig: Setting CVar [[vr.RoundRobinOcclusion:0]]
[2025.03.28-02.27.37:738][  0]LogConfig: Setting CVar [[r.MeshStreaming:0]]
[2025.03.28-02.27.37:738][  0]LogConfig: Setting CVar [[r.WireframeCullThreshold:5.000000]]
[2025.03.28-02.27.37:738][  0]LogConfig: Setting CVar [[r.SupportStationarySkylight:1]]
[2025.03.28-02.27.37:738][  0]LogConfig: Setting CVar [[r.SupportLowQualityLightmaps:1]]
[2025.03.28-02.27.37:738][  0]LogConfig: Setting CVar [[r.SupportPointLightWholeSceneShadows:1]]
[2025.03.28-02.27.37:738][  0]LogConfig: Setting CVar [[r.SkinCache.CompileShaders:1]]
[2025.03.28-02.27.37:738][  0]LogConfig: Setting CVar [[r.SkinCache.DefaultBehavior:1]]
[2025.03.28-02.27.37:738][  0]LogConfig: Setting CVar [[r.SkinCache.SceneMemoryLimitInMB:128.000000]]
[2025.03.28-02.27.37:738][  0]LogConfig: Setting CVar [[r.Mobile.EnableStaticAndCSMShadowReceivers:1]]
[2025.03.28-02.27.37:738][  0]LogConfig: Setting CVar [[r.Mobile.EnableMovableLightCSMShaderCulling:1]]
[2025.03.28-02.27.37:738][  0]LogConfig: Setting CVar [[r.Mobile.AllowDistanceFieldShadows:1]]
[2025.03.28-02.27.37:738][  0]LogConfig: Setting CVar [[r.Mobile.EnableMovableSpotlightsShadow:0]]
[2025.03.28-02.27.37:738][  0]LogConfig: Setting CVar [[r.GPUSkin.Support16BitBoneIndex:0]]
[2025.03.28-02.27.37:738][  0]LogConfig: Setting CVar [[r.GPUSkin.Limit2BoneInfluences:0]]
[2025.03.28-02.27.37:738][  0]LogConfig: Setting CVar [[r.SupportDepthOnlyIndexBuffers:0]]
[2025.03.28-02.27.37:738][  0]LogConfig: Setting CVar [[r.SupportReversedIndexBuffers:0]]
[2025.03.28-02.27.37:738][  0]LogConfig: Setting CVar [[r.Mobile.AmbientOcclusion:0]]
[2025.03.28-02.27.37:738][  0]LogConfig: Setting CVar [[r.GPUSkin.UnlimitedBoneInfluences:0]]
[2025.03.28-02.27.37:738][  0]LogConfig: Setting CVar [[r.GPUSkin.UnlimitedBoneInfluencesThreshold:8]]
[2025.03.28-02.27.37:738][  0]LogConfig: Setting CVar [[r.Mobile.PlanarReflectionMode:0]]
[2025.03.28-02.27.37:738][  0]LogConfig: Setting CVar [[r.Mobile.SupportsGen4TAA:1]]
[2025.03.28-02.27.37:738][  0]LogConfig: Applying CVar settings from Section [/Script/Engine.RendererOverrideSettings] File [D:/DocsNaty/Documents/GitHub/MobileGame/PruebaMobileGame/Saved/Config/Windows/Engine.ini]
[2025.03.28-02.27.37:738][  0]LogConfig: Applying CVar settings from Section [/Script/Engine.StreamingSettings] File [D:/DocsNaty/Documents/GitHub/MobileGame/PruebaMobileGame/Saved/Config/Windows/Engine.ini]
[2025.03.28-02.27.37:738][  0]LogConfig: Setting CVar [[s.MinBulkDataSizeForAsyncLoading:131072]]
[2025.03.28-02.27.37:738][  0]LogConfig: Setting CVar [[s.AsyncLoadingThreadEnabled:0]]
[2025.03.28-02.27.37:738][  0]LogConfig: Setting CVar [[s.EventDrivenLoaderEnabled:1]]
[2025.03.28-02.27.37:738][  0]LogConfig: Setting CVar [[s.WarnIfTimeLimitExceeded:0]]
[2025.03.28-02.27.37:738][  0]LogConfig: Setting CVar [[s.TimeLimitExceededMultiplier:1.5]]
[2025.03.28-02.27.37:738][  0]LogConfig: Setting CVar [[s.TimeLimitExceededMinTime:0.005]]
[2025.03.28-02.27.37:738][  0]LogConfig: Setting CVar [[s.UseBackgroundLevelStreaming:1]]
[2025.03.28-02.27.37:738][  0]LogConfig: Setting CVar [[s.PriorityAsyncLoadingExtraTime:15.0]]
[2025.03.28-02.27.37:738][  0]LogConfig: Setting CVar [[s.LevelStreamingActorsUpdateTimeLimit:5.0]]
[2025.03.28-02.27.37:738][  0]LogConfig: Setting CVar [[s.PriorityLevelStreamingActorsUpdateExtraTime:5.0]]
[2025.03.28-02.27.37:738][  0]LogConfig: Setting CVar [[s.LevelStreamingComponentsRegistrationGranularity:10]]
[2025.03.28-02.27.37:738][  0]LogConfig: Setting CVar [[s.UnregisterComponentsTimeLimit:1.0]]
[2025.03.28-02.27.37:738][  0]LogConfig: Setting CVar [[s.LevelStreamingComponentsUnregistrationGranularity:5]]
[2025.03.28-02.27.37:738][  0]LogConfig: Setting CVar [[s.FlushStreamingOnExit:1]]
[2025.03.28-02.27.37:738][  0]LogConfig: Applying CVar settings from Section [/Script/Engine.GarbageCollectionSettings] File [D:/DocsNaty/Documents/GitHub/MobileGame/PruebaMobileGame/Saved/Config/Windows/Engine.ini]
[2025.03.28-02.27.37:738][  0]LogConfig: Setting CVar [[gc.MaxObjectsNotConsideredByGC:1]]
[2025.03.28-02.27.37:738][  0]LogConfig: Setting CVar [[gc.SizeOfPermanentObjectPool:0]]
[2025.03.28-02.27.37:738][  0]LogConfig: Setting CVar [[gc.FlushStreamingOnGC:0]]
[2025.03.28-02.27.37:738][  0]LogConfig: Setting CVar [[gc.NumRetriesBeforeForcingGC:10]]
[2025.03.28-02.27.37:738][  0]LogConfig: Setting CVar [[gc.AllowParallelGC:1]]
[2025.03.28-02.27.37:738][  0]LogConfig: Setting CVar [[gc.TimeBetweenPurgingPendingKillObjects:61.1]]
[2025.03.28-02.27.37:738][  0]LogConfig: Setting CVar [[gc.MaxObjectsInEditor:25165824]]
[2025.03.28-02.27.37:738][  0]LogConfig: Setting CVar [[gc.IncrementalBeginDestroyEnabled:1]]
[2025.03.28-02.27.37:738][  0]LogConfig: Setting CVar [[gc.CreateGCClusters:1]]
[2025.03.28-02.27.37:738][  0]LogConfig: Setting CVar [[gc.MinGCClusterSize:5]]
[2025.03.28-02.27.37:738][  0]LogConfig: Setting CVar [[gc.ActorClusteringEnabled:0]]
[2025.03.28-02.27.37:738][  0]LogConfig: Setting CVar [[gc.BlueprintClusteringEnabled:0]]
[2025.03.28-02.27.37:738][  0]LogConfig: Setting CVar [[gc.UseDisregardForGCOnDedicatedServers:0]]
[2025.03.28-02.27.37:738][  0]LogConfig: Setting CVar [[gc.MultithreadedDestructionEnabled:1]]
[2025.03.28-02.27.37:738][  0]LogConfig: Applying CVar settings from Section [/Script/Engine.NetworkSettings] File [D:/DocsNaty/Documents/GitHub/MobileGame/PruebaMobileGame/Saved/Config/Windows/Engine.ini]
[2025.03.28-02.27.37:738][  0]LogConfig: Applying CVar settings from Section [/Script/UnrealEd.CookerSettings] File [D:/DocsNaty/Documents/GitHub/MobileGame/PruebaMobileGame/Saved/Config/Windows/Engine.ini]
[2025.03.28-02.27.37:761][  0]LogConfig: Applying CVar settings from Section [ViewDistanceQuality@3] File [D:/DocsNaty/Documents/GitHub/MobileGame/PruebaMobileGame/Saved/Config/Windows/Scalability.ini]
[2025.03.28-02.27.37:761][  0]LogConfig: Setting CVar [[r.SkeletalMeshLODBias:0]]
[2025.03.28-02.27.37:761][  0]LogConfig: Setting CVar [[r.ViewDistanceScale:1.0]]
[2025.03.28-02.27.37:761][  0]LogConfig: Applying CVar settings from Section [AntiAliasingQuality@3] File [D:/DocsNaty/Documents/GitHub/MobileGame/PruebaMobileGame/Saved/Config/Windows/Scalability.ini]
[2025.03.28-02.27.37:761][  0]LogConfig: Setting CVar [[r.PostProcessAAQuality:4]]
[2025.03.28-02.27.37:761][  0]LogConfig: Applying CVar settings from Section [ShadowQuality@3] File [D:/DocsNaty/Documents/GitHub/MobileGame/PruebaMobileGame/Saved/Config/Windows/Scalability.ini]
[2025.03.28-02.27.37:761][  0]LogConfig: Setting CVar [[r.LightFunctionQuality:1]]
[2025.03.28-02.27.37:761][  0]LogConfig: Setting CVar [[r.ShadowQuality:5]]
[2025.03.28-02.27.37:761][  0]LogConfig: Setting CVar [[r.Shadow.CSM.MaxCascades:10]]
[2025.03.28-02.27.37:761][  0]LogConfig: Setting CVar [[r.Shadow.MaxResolution:2048]]
[2025.03.28-02.27.37:761][  0]LogConfig: Setting CVar [[r.Shadow.MaxCSMResolution:2048]]
[2025.03.28-02.27.37:761][  0]LogConfig: Setting CVar [[r.Shadow.RadiusThreshold:0.01]]
[2025.03.28-02.27.37:761][  0]LogConfig: Setting CVar [[r.Shadow.DistanceScale:1.0]]
[2025.03.28-02.27.37:761][  0]LogConfig: Setting CVar [[r.Shadow.CSM.TransitionScale:1.0]]
[2025.03.28-02.27.37:761][  0]LogConfig: Setting CVar [[r.Shadow.PreShadowResolutionFactor:1.0]]
[2025.03.28-02.27.37:761][  0]LogConfig: Setting CVar [[r.DistanceFieldShadowing:1]]
[2025.03.28-02.27.37:761][  0]LogConfig: Setting CVar [[r.DistanceFieldAO:1]]
[2025.03.28-02.27.37:761][  0]LogConfig: Setting CVar [[r.AOQuality:2]]
[2025.03.28-02.27.37:761][  0]LogConfig: Setting CVar [[r.VolumetricFog:1]]
[2025.03.28-02.27.37:761][  0]LogConfig: Setting CVar [[r.VolumetricFog.GridPixelSize:8]]
[2025.03.28-02.27.37:761][  0]LogConfig: Setting CVar [[r.VolumetricFog.GridSizeZ:128]]
[2025.03.28-02.27.37:761][  0]LogConfig: Setting CVar [[r.VolumetricFog.HistoryMissSupersampleCount:4]]
[2025.03.28-02.27.37:761][  0]LogConfig: Setting CVar [[r.LightMaxDrawDistanceScale:1]]
[2025.03.28-02.27.37:761][  0]LogConfig: Setting CVar [[r.CapsuleShadows:1]]
[2025.03.28-02.27.37:761][  0]LogConfig: Applying CVar settings from Section [PostProcessQuality@3] File [D:/DocsNaty/Documents/GitHub/MobileGame/PruebaMobileGame/Saved/Config/Windows/Scalability.ini]
[2025.03.28-02.27.37:761][  0]LogConfig: Setting CVar [[r.MotionBlurQuality:4]]
[2025.03.28-02.27.37:761][  0]LogConfig: Setting CVar [[r.AmbientOcclusionMipLevelFactor:0.4]]
[2025.03.28-02.27.37:761][  0]LogConfig: Setting CVar [[r.AmbientOcclusionMaxQuality:100]]
[2025.03.28-02.27.37:761][  0]LogConfig: Setting CVar [[r.AmbientOcclusionLevels:-1]]
[2025.03.28-02.27.37:761][  0]LogConfig: Setting CVar [[r.AmbientOcclusionRadiusScale:1.0]]
[2025.03.28-02.27.37:761][  0]LogConfig: Setting CVar [[r.DepthOfFieldQuality:2]]
[2025.03.28-02.27.37:761][  0]LogConfig: Setting CVar [[r.RenderTargetPoolMin:400]]
[2025.03.28-02.27.37:761][  0]LogConfig: Setting CVar [[r.LensFlareQuality:2]]
[2025.03.28-02.27.37:761][  0]LogConfig: Setting CVar [[r.SceneColorFringeQuality:1]]
[2025.03.28-02.27.37:761][  0]LogConfig: Setting CVar [[r.EyeAdaptationQuality:2]]
[2025.03.28-02.27.37:761][  0]LogConfig: Setting CVar [[r.BloomQuality:5]]
[2025.03.28-02.27.37:761][  0]LogConfig: Setting CVar [[r.FastBlurThreshold:100]]
[2025.03.28-02.27.37:761][  0]LogConfig: Setting CVar [[r.Upscale.Quality:3]]
[2025.03.28-02.27.37:761][  0]LogConfig: Setting CVar [[r.Tonemapper.GrainQuantization:1]]
[2025.03.28-02.27.37:761][  0]LogConfig: Setting CVar [[r.LightShaftQuality:1]]
[2025.03.28-02.27.37:761][  0]LogConfig: Setting CVar [[r.Filter.SizeScale:1]]
[2025.03.28-02.27.37:761][  0]LogConfig: Setting CVar [[r.Tonemapper.Quality:5]]
[2025.03.28-02.27.37:761][  0]LogConfig: Setting CVar [[r.DOF.Gather.AccumulatorQuality:1        ; higher gathering accumulator quality]]
[2025.03.28-02.27.37:761][  0]LogConfig: Setting CVar [[r.DOF.Gather.PostfilterMethod:1          ; Median3x3 postfilering method]]
[2025.03.28-02.27.37:761][  0]LogConfig: Setting CVar [[r.DOF.Gather.EnableBokehSettings:0       ; no bokeh simulation when gathering]]
[2025.03.28-02.27.37:761][  0]LogConfig: Setting CVar [[r.DOF.Gather.RingCount:4                 ; medium number of samples when gathering]]
[2025.03.28-02.27.37:761][  0]LogConfig: Setting CVar [[r.DOF.Scatter.ForegroundCompositing:1    ; additive foreground scattering]]
[2025.03.28-02.27.37:761][  0]LogConfig: Setting CVar [[r.DOF.Scatter.BackgroundCompositing:2    ; additive background scattering]]
[2025.03.28-02.27.37:761][  0]LogConfig: Setting CVar [[r.DOF.Scatter.EnableBokehSettings:1      ; bokeh simulation when scattering]]
[2025.03.28-02.27.37:761][  0]LogConfig: Setting CVar [[r.DOF.Scatter.MaxSpriteRatio:0.1         ; only a maximum of 10% of scattered bokeh]]
[2025.03.28-02.27.37:761][  0]LogConfig: Setting CVar [[r.DOF.Recombine.Quality:1                ; cheap slight out of focus]]
[2025.03.28-02.27.37:761][  0]LogConfig: Setting CVar [[r.DOF.Recombine.EnableBokehSettings:0    ; no bokeh simulation on slight out of focus]]
[2025.03.28-02.27.37:761][  0]LogConfig: Setting CVar [[r.DOF.TemporalAAQuality:1                ; more stable temporal accumulation]]
[2025.03.28-02.27.37:761][  0]LogConfig: Setting CVar [[r.DOF.Kernel.MaxForegroundRadius:0.025]]
[2025.03.28-02.27.37:761][  0]LogConfig: Setting CVar [[r.DOF.Kernel.MaxBackgroundRadius:0.025]]
[2025.03.28-02.27.37:761][  0]LogConfig: Applying CVar settings from Section [TextureQuality@3] File [D:/DocsNaty/Documents/GitHub/MobileGame/PruebaMobileGame/Saved/Config/Windows/Scalability.ini]
[2025.03.28-02.27.37:761][  0]LogConfig: Setting CVar [[r.Streaming.MipBias:0]]
[2025.03.28-02.27.37:761][  0]LogConfig: Setting CVar [[r.Streaming.AmortizeCPUToGPUCopy:0]]
[2025.03.28-02.27.37:761][  0]LogConfig: Setting CVar [[r.Streaming.MaxNumTexturesToStreamPerFrame:0]]
[2025.03.28-02.27.37:761][  0]LogConfig: Setting CVar [[r.Streaming.Boost:1]]
[2025.03.28-02.27.37:761][  0]LogConfig: Setting CVar [[r.MaxAnisotropy:8]]
[2025.03.28-02.27.37:761][  0]LogConfig: Setting CVar [[r.VT.MaxAnisotropy:8]]
[2025.03.28-02.27.37:761][  0]LogConfig: Setting CVar [[r.Streaming.LimitPoolSizeToVRAM:0]]
[2025.03.28-02.27.37:761][  0]LogConfig: Setting CVar [[r.Streaming.PoolSize:1000]]
[2025.03.28-02.27.37:761][  0]LogConfig: Setting CVar [[r.Streaming.MaxEffectiveScreenSize:0]]
[2025.03.28-02.27.37:761][  0]LogConfig: Applying CVar settings from Section [EffectsQuality@3] File [D:/DocsNaty/Documents/GitHub/MobileGame/PruebaMobileGame/Saved/Config/Windows/Scalability.ini]
[2025.03.28-02.27.37:761][  0]LogConfig: Setting CVar [[r.TranslucencyLightingVolumeDim:64]]
[2025.03.28-02.27.37:761][  0]LogConfig: Setting CVar [[r.RefractionQuality:2]]
[2025.03.28-02.27.37:761][  0]LogConfig: Setting CVar [[r.SSR.Quality:3]]
[2025.03.28-02.27.37:761][  0]LogConfig: Setting CVar [[r.SSR.HalfResSceneColor:0]]
[2025.03.28-02.27.37:761][  0]LogConfig: Setting CVar [[r.SceneColorFormat:4]]
[2025.03.28-02.27.37:761][  0]LogConfig: Setting CVar [[r.DetailMode:2]]
[2025.03.28-02.27.37:761][  0]LogConfig: Setting CVar [[r.TranslucencyVolumeBlur:1]]
[2025.03.28-02.27.37:761][  0]LogConfig: Setting CVar [[r.MaterialQualityLevel:1 ; High quality]]
[2025.03.28-02.27.37:761][  0]LogConfig: Setting CVar [[r.AnisotropicMaterials:1]]
[2025.03.28-02.27.37:761][  0]LogConfig: Setting CVar [[r.SSS.Scale:1]]
[2025.03.28-02.27.37:761][  0]LogConfig: Setting CVar [[r.SSS.SampleSet:2]]
[2025.03.28-02.27.37:761][  0]LogConfig: Setting CVar [[r.SSS.Quality:1]]
[2025.03.28-02.27.37:761][  0]LogConfig: Setting CVar [[r.SSS.HalfRes:0]]
[2025.03.28-02.27.37:761][  0]LogConfig: Setting CVar [[r.SSGI.Quality:3]]
[2025.03.28-02.27.37:761][  0]LogConfig: Setting CVar [[r.EmitterSpawnRateScale:1.0]]
[2025.03.28-02.27.37:761][  0]LogConfig: Setting CVar [[r.ParticleLightQuality:2]]
[2025.03.28-02.27.37:761][  0]LogConfig: Setting CVar [[r.SkyAtmosphere.AerialPerspectiveLUT.FastApplyOnOpaque:1 ; Always have FastSkyLUT 1 in this case to avoid wrong sky]]
[2025.03.28-02.27.37:761][  0]LogConfig: Setting CVar [[r.SkyAtmosphere.AerialPerspectiveLUT.SampleCountMaxPerSlice:4]]
[2025.03.28-02.27.37:761][  0]LogConfig: Setting CVar [[r.SkyAtmosphere.AerialPerspectiveLUT.DepthResolution:16.0]]
[2025.03.28-02.27.37:761][  0]LogConfig: Setting CVar [[r.SkyAtmosphere.FastSkyLUT:1]]
[2025.03.28-02.27.37:761][  0]LogConfig: Setting CVar [[r.SkyAtmosphere.FastSkyLUT.SampleCountMin:4.0]]
[2025.03.28-02.27.37:761][  0]LogConfig: Setting CVar [[r.SkyAtmosphere.FastSkyLUT.SampleCountMax:128.0]]
[2025.03.28-02.27.37:762][  0]LogConfig: Setting CVar [[r.SkyAtmosphere.SampleCountMin:4.0]]
[2025.03.28-02.27.37:762][  0]LogConfig: Setting CVar [[r.SkyAtmosphere.SampleCountMax:128.0]]
[2025.03.28-02.27.37:762][  0]LogConfig: Setting CVar [[r.SkyAtmosphere.TransmittanceLUT.UseSmallFormat:0]]
[2025.03.28-02.27.37:762][  0]LogConfig: Setting CVar [[r.SkyAtmosphere.TransmittanceLUT.SampleCount:10.0]]
[2025.03.28-02.27.37:762][  0]LogConfig: Setting CVar [[r.SkyAtmosphere.MultiScatteringLUT.SampleCount:15.0]]
[2025.03.28-02.27.37:762][  0]LogConfig: Setting CVar [[r.SkyLight.RealTimeReflectionCapture:1]]
[2025.03.28-02.27.37:762][  0]LogConfig: Setting CVar [[fx.Niagara.QualityLevel:3]]
[2025.03.28-02.27.37:762][  0]LogConfig: Applying CVar settings from Section [FoliageQuality@3] File [D:/DocsNaty/Documents/GitHub/MobileGame/PruebaMobileGame/Saved/Config/Windows/Scalability.ini]
[2025.03.28-02.27.37:762][  0]LogConfig: Setting CVar [[foliage.DensityScale:1.0]]
[2025.03.28-02.27.37:762][  0]LogConfig: Setting CVar [[grass.DensityScale:1.0]]
[2025.03.28-02.27.37:762][  0]LogConfig: Applying CVar settings from Section [ShadingQuality@3] File [D:/DocsNaty/Documents/GitHub/MobileGame/PruebaMobileGame/Saved/Config/Windows/Scalability.ini]
[2025.03.28-02.27.37:762][  0]LogConfig: Setting CVar [[r.HairStrands.SkyLighting.IntegrationType:2]]
[2025.03.28-02.27.37:762][  0]LogConfig: Setting CVar [[r.HairStrands.SkyAO.SampleCount:4]]
[2025.03.28-02.27.37:762][  0]LogConfig: Setting CVar [[r.HairStrands.Visibility.MSAA.SamplePerPixel:4]]
[2025.03.28-02.27.37:762][  0]LogConfig: Setting CVar [[r.HairStrands.Interpolation.UseSingleGuide:0]]
[2025.03.28-02.27.37:762][  0]LogInit: Selected Device Profile: [Windows]
[2025.03.28-02.27.37:762][  0]LogInit: Applying CVar settings loaded from the selected device profile: [Windows]
[2025.03.28-02.27.37:762][  0]LogHAL: Display: Platform has ~ 32 GB [34144374784 / 34359738368 / 32], which maps to Largest [LargestMinGB=32, LargerMinGB=12, DefaultMinGB=8, SmallerMinGB=6, SmallestMinGB=0)
[2025.03.28-02.27.37:762][  0]LogInit: Going up to parent DeviceProfile []
[2025.03.28-02.27.37:762][  0]LogConfig: Applying CVar settings from Section [ViewDistanceQuality@3] File [D:/DocsNaty/Documents/GitHub/MobileGame/PruebaMobileGame/Saved/Config/Windows/Scalability.ini]
[2025.03.28-02.27.37:762][  0]LogConfig: Setting CVar [[r.SkeletalMeshLODBias:0]]
[2025.03.28-02.27.37:762][  0]LogConfig: Setting CVar [[r.ViewDistanceScale:1.0]]
[2025.03.28-02.27.37:762][  0]LogConfig: Applying CVar settings from Section [AntiAliasingQuality@3] File [D:/DocsNaty/Documents/GitHub/MobileGame/PruebaMobileGame/Saved/Config/Windows/Scalability.ini]
[2025.03.28-02.27.37:762][  0]LogConfig: Setting CVar [[r.PostProcessAAQuality:4]]
[2025.03.28-02.27.37:762][  0]LogConfig: Applying CVar settings from Section [ShadowQuality@3] File [D:/DocsNaty/Documents/GitHub/MobileGame/PruebaMobileGame/Saved/Config/Windows/Scalability.ini]
[2025.03.28-02.27.37:762][  0]LogConfig: Setting CVar [[r.LightFunctionQuality:1]]
[2025.03.28-02.27.37:762][  0]LogConfig: Setting CVar [[r.ShadowQuality:5]]
[2025.03.28-02.27.37:762][  0]LogConfig: Setting CVar [[r.Shadow.CSM.MaxCascades:10]]
[2025.03.28-02.27.37:762][  0]LogConfig: Setting CVar [[r.Shadow.MaxResolution:2048]]
[2025.03.28-02.27.37:762][  0]LogConfig: Setting CVar [[r.Shadow.MaxCSMResolution:2048]]
[2025.03.28-02.27.37:762][  0]LogConfig: Setting CVar [[r.Shadow.RadiusThreshold:0.01]]
[2025.03.28-02.27.37:762][  0]LogConfig: Setting CVar [[r.Shadow.DistanceScale:1.0]]
[2025.03.28-02.27.37:762][  0]LogConfig: Setting CVar [[r.Shadow.CSM.TransitionScale:1.0]]
[2025.03.28-02.27.37:762][  0]LogConfig: Setting CVar [[r.Shadow.PreShadowResolutionFactor:1.0]]
[2025.03.28-02.27.37:762][  0]LogConfig: Setting CVar [[r.DistanceFieldShadowing:1]]
[2025.03.28-02.27.37:762][  0]LogConfig: Setting CVar [[r.DistanceFieldAO:1]]
[2025.03.28-02.27.37:762][  0]LogConfig: Setting CVar [[r.AOQuality:2]]
[2025.03.28-02.27.37:762][  0]LogConfig: Setting CVar [[r.VolumetricFog:1]]
[2025.03.28-02.27.37:762][  0]LogConfig: Setting CVar [[r.VolumetricFog.GridPixelSize:8]]
[2025.03.28-02.27.37:762][  0]LogConfig: Setting CVar [[r.VolumetricFog.GridSizeZ:128]]
[2025.03.28-02.27.37:762][  0]LogConfig: Setting CVar [[r.VolumetricFog.HistoryMissSupersampleCount:4]]
[2025.03.28-02.27.37:762][  0]LogConfig: Setting CVar [[r.LightMaxDrawDistanceScale:1]]
[2025.03.28-02.27.37:762][  0]LogConfig: Setting CVar [[r.CapsuleShadows:1]]
[2025.03.28-02.27.37:762][  0]LogConfig: Applying CVar settings from Section [PostProcessQuality@3] File [D:/DocsNaty/Documents/GitHub/MobileGame/PruebaMobileGame/Saved/Config/Windows/Scalability.ini]
[2025.03.28-02.27.37:762][  0]LogConfig: Setting CVar [[r.MotionBlurQuality:4]]
[2025.03.28-02.27.37:762][  0]LogConfig: Setting CVar [[r.AmbientOcclusionMipLevelFactor:0.4]]
[2025.03.28-02.27.37:762][  0]LogConfig: Setting CVar [[r.AmbientOcclusionMaxQuality:100]]
[2025.03.28-02.27.37:762][  0]LogConfig: Setting CVar [[r.AmbientOcclusionLevels:-1]]
[2025.03.28-02.27.37:762][  0]LogConfig: Setting CVar [[r.AmbientOcclusionRadiusScale:1.0]]
[2025.03.28-02.27.37:762][  0]LogConfig: Setting CVar [[r.DepthOfFieldQuality:2]]
[2025.03.28-02.27.37:762][  0]LogConfig: Setting CVar [[r.RenderTargetPoolMin:400]]
[2025.03.28-02.27.37:762][  0]LogConfig: Setting CVar [[r.LensFlareQuality:2]]
[2025.03.28-02.27.37:762][  0]LogConfig: Setting CVar [[r.SceneColorFringeQuality:1]]
[2025.03.28-02.27.37:762][  0]LogConfig: Setting CVar [[r.EyeAdaptationQuality:2]]
[2025.03.28-02.27.37:762][  0]LogConfig: Setting CVar [[r.BloomQuality:5]]
[2025.03.28-02.27.37:762][  0]LogConfig: Setting CVar [[r.FastBlurThreshold:100]]
[2025.03.28-02.27.37:762][  0]LogConfig: Setting CVar [[r.Upscale.Quality:3]]
[2025.03.28-02.27.37:762][  0]LogConfig: Setting CVar [[r.Tonemapper.GrainQuantization:1]]
[2025.03.28-02.27.37:762][  0]LogConfig: Setting CVar [[r.LightShaftQuality:1]]
[2025.03.28-02.27.37:762][  0]LogConfig: Setting CVar [[r.Filter.SizeScale:1]]
[2025.03.28-02.27.37:762][  0]LogConfig: Setting CVar [[r.Tonemapper.Quality:5]]
[2025.03.28-02.27.37:762][  0]LogConfig: Setting CVar [[r.DOF.Gather.AccumulatorQuality:1        ; higher gathering accumulator quality]]
[2025.03.28-02.27.37:762][  0]LogConfig: Setting CVar [[r.DOF.Gather.PostfilterMethod:1          ; Median3x3 postfilering method]]
[2025.03.28-02.27.37:762][  0]LogConfig: Setting CVar [[r.DOF.Gather.EnableBokehSettings:0       ; no bokeh simulation when gathering]]
[2025.03.28-02.27.37:762][  0]LogConfig: Setting CVar [[r.DOF.Gather.RingCount:4                 ; medium number of samples when gathering]]
[2025.03.28-02.27.37:762][  0]LogConfig: Setting CVar [[r.DOF.Scatter.ForegroundCompositing:1    ; additive foreground scattering]]
[2025.03.28-02.27.37:762][  0]LogConfig: Setting CVar [[r.DOF.Scatter.BackgroundCompositing:2    ; additive background scattering]]
[2025.03.28-02.27.37:762][  0]LogConfig: Setting CVar [[r.DOF.Scatter.EnableBokehSettings:1      ; bokeh simulation when scattering]]
[2025.03.28-02.27.37:762][  0]LogConfig: Setting CVar [[r.DOF.Scatter.MaxSpriteRatio:0.1         ; only a maximum of 10% of scattered bokeh]]
[2025.03.28-02.27.37:762][  0]LogConfig: Setting CVar [[r.DOF.Recombine.Quality:1                ; cheap slight out of focus]]
[2025.03.28-02.27.37:762][  0]LogConfig: Setting CVar [[r.DOF.Recombine.EnableBokehSettings:0    ; no bokeh simulation on slight out of focus]]
[2025.03.28-02.27.37:762][  0]LogConfig: Setting CVar [[r.DOF.TemporalAAQuality:1                ; more stable temporal accumulation]]
[2025.03.28-02.27.37:762][  0]LogConfig: Setting CVar [[r.DOF.Kernel.MaxForegroundRadius:0.025]]
[2025.03.28-02.27.37:762][  0]LogConfig: Setting CVar [[r.DOF.Kernel.MaxBackgroundRadius:0.025]]
[2025.03.28-02.27.37:762][  0]LogConfig: Applying CVar settings from Section [TextureQuality@3] File [D:/DocsNaty/Documents/GitHub/MobileGame/PruebaMobileGame/Saved/Config/Windows/Scalability.ini]
[2025.03.28-02.27.37:762][  0]LogConfig: Setting CVar [[r.Streaming.MipBias:0]]
[2025.03.28-02.27.37:762][  0]LogConfig: Setting CVar [[r.Streaming.AmortizeCPUToGPUCopy:0]]
[2025.03.28-02.27.37:762][  0]LogConfig: Setting CVar [[r.Streaming.MaxNumTexturesToStreamPerFrame:0]]
[2025.03.28-02.27.37:763][  0]LogConfig: Setting CVar [[r.Streaming.Boost:1]]
[2025.03.28-02.27.37:763][  0]LogConfig: Setting CVar [[r.MaxAnisotropy:8]]
[2025.03.28-02.27.37:763][  0]LogConfig: Setting CVar [[r.VT.MaxAnisotropy:8]]
[2025.03.28-02.27.37:763][  0]LogConfig: Setting CVar [[r.Streaming.LimitPoolSizeToVRAM:0]]
[2025.03.28-02.27.37:763][  0]LogConfig: Setting CVar [[r.Streaming.PoolSize:1000]]
[2025.03.28-02.27.37:763][  0]LogConfig: Setting CVar [[r.Streaming.MaxEffectiveScreenSize:0]]
[2025.03.28-02.27.37:763][  0]LogConfig: Applying CVar settings from Section [EffectsQuality@3] File [D:/DocsNaty/Documents/GitHub/MobileGame/PruebaMobileGame/Saved/Config/Windows/Scalability.ini]
[2025.03.28-02.27.37:763][  0]LogConfig: Setting CVar [[r.TranslucencyLightingVolumeDim:64]]
[2025.03.28-02.27.37:763][  0]LogConfig: Setting CVar [[r.RefractionQuality:2]]
[2025.03.28-02.27.37:763][  0]LogConfig: Setting CVar [[r.SSR.Quality:3]]
[2025.03.28-02.27.37:763][  0]LogConfig: Setting CVar [[r.SSR.HalfResSceneColor:0]]
[2025.03.28-02.27.37:763][  0]LogConfig: Setting CVar [[r.SceneColorFormat:4]]
[2025.03.28-02.27.37:763][  0]LogConfig: Setting CVar [[r.DetailMode:2]]
[2025.03.28-02.27.37:763][  0]LogConfig: Setting CVar [[r.TranslucencyVolumeBlur:1]]
[2025.03.28-02.27.37:763][  0]LogConfig: Setting CVar [[r.MaterialQualityLevel:1 ; High quality]]
[2025.03.28-02.27.37:763][  0]LogConfig: Setting CVar [[r.AnisotropicMaterials:1]]
[2025.03.28-02.27.37:763][  0]LogConfig: Setting CVar [[r.SSS.Scale:1]]
[2025.03.28-02.27.37:763][  0]LogConfig: Setting CVar [[r.SSS.SampleSet:2]]
[2025.03.28-02.27.37:763][  0]LogConfig: Setting CVar [[r.SSS.Quality:1]]
[2025.03.28-02.27.37:763][  0]LogConfig: Setting CVar [[r.SSS.HalfRes:0]]
[2025.03.28-02.27.37:763][  0]LogConfig: Setting CVar [[r.SSGI.Quality:3]]
[2025.03.28-02.27.37:763][  0]LogConfig: Setting CVar [[r.EmitterSpawnRateScale:1.0]]
[2025.03.28-02.27.37:763][  0]LogConfig: Setting CVar [[r.ParticleLightQuality:2]]
[2025.03.28-02.27.37:763][  0]LogConfig: Setting CVar [[r.SkyAtmosphere.AerialPerspectiveLUT.FastApplyOnOpaque:1 ; Always have FastSkyLUT 1 in this case to avoid wrong sky]]
[2025.03.28-02.27.37:763][  0]LogConfig: Setting CVar [[r.SkyAtmosphere.AerialPerspectiveLUT.SampleCountMaxPerSlice:4]]
[2025.03.28-02.27.37:763][  0]LogConfig: Setting CVar [[r.SkyAtmosphere.AerialPerspectiveLUT.DepthResolution:16.0]]
[2025.03.28-02.27.37:763][  0]LogConfig: Setting CVar [[r.SkyAtmosphere.FastSkyLUT:1]]
[2025.03.28-02.27.37:763][  0]LogConfig: Setting CVar [[r.SkyAtmosphere.FastSkyLUT.SampleCountMin:4.0]]
[2025.03.28-02.27.37:763][  0]LogConfig: Setting CVar [[r.SkyAtmosphere.FastSkyLUT.SampleCountMax:128.0]]
[2025.03.28-02.27.37:763][  0]LogConfig: Setting CVar [[r.SkyAtmosphere.SampleCountMin:4.0]]
[2025.03.28-02.27.37:763][  0]LogConfig: Setting CVar [[r.SkyAtmosphere.SampleCountMax:128.0]]
[2025.03.28-02.27.37:763][  0]LogConfig: Setting CVar [[r.SkyAtmosphere.TransmittanceLUT.UseSmallFormat:0]]
[2025.03.28-02.27.37:763][  0]LogConfig: Setting CVar [[r.SkyAtmosphere.TransmittanceLUT.SampleCount:10.0]]
[2025.03.28-02.27.37:763][  0]LogConfig: Setting CVar [[r.SkyAtmosphere.MultiScatteringLUT.SampleCount:15.0]]
[2025.03.28-02.27.37:763][  0]LogConfig: Setting CVar [[r.SkyLight.RealTimeReflectionCapture:1]]
[2025.03.28-02.27.37:763][  0]LogConfig: Setting CVar [[fx.Niagara.QualityLevel:3]]
[2025.03.28-02.27.37:763][  0]LogConfig: Applying CVar settings from Section [FoliageQuality@3] File [D:/DocsNaty/Documents/GitHub/MobileGame/PruebaMobileGame/Saved/Config/Windows/Scalability.ini]
[2025.03.28-02.27.37:763][  0]LogConfig: Setting CVar [[foliage.DensityScale:1.0]]
[2025.03.28-02.27.37:763][  0]LogConfig: Setting CVar [[grass.DensityScale:1.0]]
[2025.03.28-02.27.37:763][  0]LogConfig: Applying CVar settings from Section [ShadingQuality@3] File [D:/DocsNaty/Documents/GitHub/MobileGame/PruebaMobileGame/Saved/Config/Windows/Scalability.ini]
[2025.03.28-02.27.37:763][  0]LogConfig: Setting CVar [[r.HairStrands.SkyLighting.IntegrationType:2]]
[2025.03.28-02.27.37:763][  0]LogConfig: Setting CVar [[r.HairStrands.SkyAO.SampleCount:4]]
[2025.03.28-02.27.37:763][  0]LogConfig: Setting CVar [[r.HairStrands.Visibility.MSAA.SamplePerPixel:4]]
[2025.03.28-02.27.37:763][  0]LogConfig: Setting CVar [[r.HairStrands.Interpolation.UseSingleGuide:0]]
[2025.03.28-02.27.37:763][  0]LogConfig: Applying CVar settings from Section [Startup] File [../../../Engine/Config/ConsoleVariables.ini]
[2025.03.28-02.27.37:763][  0]LogConfig: Setting CVar [[net.UseAdaptiveNetUpdateFrequency:0]]
[2025.03.28-02.27.37:763][  0]LogConfig: Setting CVar [[p.chaos.AllowCreatePhysxBodies:1]]
[2025.03.28-02.27.37:763][  0]LogConfig: Setting CVar [[fx.SkipVectorVMBackendOptimizations:1]]
[2025.03.28-02.27.37:763][  0]LogConfig: Applying CVar settings from Section [ConsoleVariables] File [D:/DocsNaty/Documents/GitHub/MobileGame/PruebaMobileGame/Saved/Config/Windows/Engine.ini]
[2025.03.28-02.27.37:763][  0]LogConfig: Applying CVar settings from Section [ConsoleVariables] File [D:/DocsNaty/Documents/GitHub/MobileGame/PruebaMobileGame/Saved/Config/Windows/Editor.ini]
[2025.03.28-02.27.37:764][  0]LogInit: Computer: DESKTOP-V8PDLMJ
[2025.03.28-02.27.37:764][  0]LogInit: User: Natalia
[2025.03.28-02.27.37:764][  0]LogInit: CPU Page size=4096, Cores=6
[2025.03.28-02.27.37:764][  0]LogInit: High frequency timer resolution =10.000000 MHz
[2025.03.28-02.27.37:764][  0]LogMemory: Memory total: Physical=31.8GB (32GB approx)
[2025.03.28-02.27.37:764][  0]LogMemory: Platform Memory Stats for Windows
[2025.03.28-02.27.37:764][  0]LogMemory: Process Physical Memory: 151.77 MB used, 151.77 MB peak
[2025.03.28-02.27.37:764][  0]LogMemory: Process Virtual Memory: 131.06 MB used, 131.06 MB peak
[2025.03.28-02.27.37:764][  0]LogMemory: Physical Memory: 13903.19 MB used,  18659.42 MB free, 32562.61 MB total
[2025.03.28-02.27.37:764][  0]LogMemory: Virtual Memory: 134203320.00 MB used,  14407.18 MB free, 134217728.00 MB total
[2025.03.28-02.27.37:771][  0]LogWindows: WindowsPlatformFeatures enabled
[2025.03.28-02.27.37:812][  0]LogInit: Physics initialised using underlying interface: PhysX
[2025.03.28-02.27.37:816][  0]LogInit: Overriding language with editor language configuration option (en).
[2025.03.28-02.27.37:816][  0]LogInit: Using OS detected locale (es-CO).
[2025.03.28-02.27.37:992][  0]LogInit: Setting process to per monitor DPI aware
[2025.03.28-02.27.38:011][  0]LogWindowsTextInputMethodSystem: Display: IME system deactivated.
[2025.03.28-02.27.38:024][  0]LogSlate: New Slate User Created.  User Index 0, Is Virtual User: 0
[2025.03.28-02.27.38:024][  0]LogSlate: Slate User Registered.  User Index 0, Is Virtual User: 0
[2025.03.28-02.27.38:152][  0]LogD3D12RHI: Aftermath initialized
[2025.03.28-02.27.38:152][  0]LogD3D12RHI: Loading WinPixEventRuntime.dll for PIX profiling (from ../../../Engine/Binaries/ThirdParty/Windows/WinPixEventRuntime/x64).
[2025.03.28-02.27.38:158][  0]LogHMD: Failed to initialize OpenVR with code 110
[2025.03.28-02.27.38:389][  0]LogD3D12RHI: Found D3D12 adapter 0: NVIDIA GeForce RTX 2060 (Max supported Feature Level 12_1)
[2025.03.28-02.27.38:389][  0]LogD3D12RHI: Adapter has 5945MB of dedicated video memory, 0MB of dedicated system memory, and 16281MB of shared system memory, 2 output[s]
[2025.03.28-02.27.38:401][  0]LogD3D12RHI: Found D3D12 adapter 1: Microsoft Basic Render Driver (Max supported Feature Level 12_1)
[2025.03.28-02.27.38:401][  0]LogD3D12RHI: Adapter has 0MB of dedicated video memory, 0MB of dedicated system memory, and 16281MB of shared system memory, 0 output[s]
[2025.03.28-02.27.38:401][  0]LogD3D12RHI: Forcing D3D12.AsyncDeferredDeletion=0 as a workaround for a deadlock.
[2025.03.28-02.27.38:401][  0]LogD3D12RHI: Chosen D3D12 Adapter Id = 0
[2025.03.28-02.27.38:413][  0]LogD3D12RHI: InitD3DDevice: -D3DDebug = off -D3D12GPUValidation = off
[2025.03.28-02.27.38:413][  0]LogD3D12RHI: Emitting draw events for PIX profiling.
[2025.03.28-02.27.38:542][  0]LogD3D12RHI: The system supports ID3D12Device1.
[2025.03.28-02.27.38:542][  0]LogD3D12RHI: The system supports ID3D12Device2.
[2025.03.28-02.27.38:542][  0]LogD3D12RHI: The system supports ID3D12Device5.
[2025.03.28-02.27.38:542][  0]LogD3D12RHI: The system supports ID3D12Device7.
[2025.03.28-02.27.38:542][  0]LogD3D12RHI: D3D12 ray tracing 1.0 is supported.
[2025.03.28-02.27.38:542][  0]LogD3D12RHI: D3D12 ray tracing 1.1 is supported.
[2025.03.28-02.27.38:592][  0]LogD3D12RHI: [GPUBreadCrumb] Successfully setup breadcrumb resource for 3D Queue 0
[2025.03.28-02.27.38:603][  0]LogD3D12RHI: [GPUBreadCrumb] Successfully setup breadcrumb resource for Copy Queue 0
[2025.03.28-02.27.38:636][  0]LogD3D12RHI: [GPUBreadCrumb] Successfully setup breadcrumb resource for Compute Queue 0
[2025.03.28-02.27.38:642][  0]LogD3D12RHI: Display: Not using pipeline state disk cache per r.D3D12.PSO.DiskCache=0
[2025.03.28-02.27.38:642][  0]LogD3D12RHI: Display: Not using driver-optimized pipeline state disk cache per r.D3D12.PSO.DriverOptimizedDiskCache=0
[2025.03.28-02.27.38:677][  0]LogD3D12RHI:     GPU DeviceId: 0x1e89 (for the marketing name, search the web for "GPU Device Id")
[2025.03.28-02.27.38:678][  0]LogWindows: EnumDisplayDevices:
[2025.03.28-02.27.38:678][  0]LogWindows:    0. 'NVIDIA GeForce RTX 2060' (P:1 D:1)
[2025.03.28-02.27.38:678][  0]LogWindows:    1. 'NVIDIA GeForce RTX 2060' (P:0 D:1)
[2025.03.28-02.27.38:678][  0]LogWindows:    2. 'NVIDIA GeForce RTX 2060' (P:0 D:0)
[2025.03.28-02.27.38:678][  0]LogWindows:    3. 'NVIDIA GeForce RTX 2060' (P:0 D:0)
[2025.03.28-02.27.38:678][  0]LogWindows: DebugString: FoundDriverCount:4 
[2025.03.28-02.27.38:678][  0]LogD3D12RHI:     Adapter Name: NVIDIA GeForce RTX 2060
[2025.03.28-02.27.38:678][  0]LogD3D12RHI:   Driver Version: 566.36 (internal:32.0.15.6636, unified:566.36)
[2025.03.28-02.27.38:678][  0]LogD3D12RHI:      Driver Date: 12-3-2024
[2025.03.28-02.27.38:678][  0]LogRHI: Texture pool is 3261 MB (70% of 4659 MB)
[2025.03.28-02.27.38:678][  0]LogD3D12RHI: Async texture creation enabled
[2025.03.28-02.27.38:678][  0]LogD3D12RHI: RHI has support for 64 bit atomics
[2025.03.28-02.27.38:689][  0]LogRHI: GeForceNow SDK initialized: 0
[2025.03.28-02.27.38:992][  0]LogTargetPlatformManager: Display: Loaded TargetPlatform 'AllDesktop'
[2025.03.28-02.27.39:016][  0]LogTargetPlatformManager: Display: Loaded TargetPlatform 'Android'
[2025.03.28-02.27.39:016][  0]LogTargetPlatformManager: Display: Loaded TargetPlatform 'Android_ASTC'
[2025.03.28-02.27.39:016][  0]LogTargetPlatformManager: Display: Loaded TargetPlatform 'Android_DXT'
[2025.03.28-02.27.39:016][  0]LogTargetPlatformManager: Display: Loaded TargetPlatform 'Android_ETC2'
[2025.03.28-02.27.39:016][  0]LogTargetPlatformManager: Display: Loaded TargetPlatform 'AndroidClient'
[2025.03.28-02.27.39:016][  0]LogTargetPlatformManager: Display: Loaded TargetPlatform 'Android_ASTCClient'
[2025.03.28-02.27.39:016][  0]LogTargetPlatformManager: Display: Loaded TargetPlatform 'Android_DXTClient'
[2025.03.28-02.27.39:016][  0]LogTargetPlatformManager: Display: Loaded TargetPlatform 'Android_ETC2Client'
[2025.03.28-02.27.39:016][  0]LogTargetPlatformManager: Display: Loaded TargetPlatform 'Android_Multi'
[2025.03.28-02.27.39:016][  0]LogTargetPlatformManager: Display: Loaded TargetPlatform 'Android_MultiClient'
[2025.03.28-02.27.39:037][  0]LogTargetPlatformManager: Display: Loaded TargetPlatform 'IOSClient'
[2025.03.28-02.27.39:037][  0]LogTargetPlatformManager: Display: Loaded TargetPlatform 'IOS'
[2025.03.28-02.27.39:047][  0]LogTargetPlatformManager: Display: Loaded TargetPlatform 'Linux'
[2025.03.28-02.27.39:053][  0]LogTargetPlatformManager: Display: Loaded TargetPlatform 'LinuxNoEditor'
[2025.03.28-02.27.39:059][  0]LogTargetPlatformManager: Display: Loaded TargetPlatform 'LinuxClient'
[2025.03.28-02.27.39:067][  0]LogTargetPlatformManager: Display: Loaded TargetPlatform 'LinuxServer'
[2025.03.28-02.27.39:076][  0]LogTargetPlatformManager: Display: Loaded TargetPlatform 'LinuxAArch64NoEditor'
[2025.03.28-02.27.39:081][  0]LogTargetPlatformManager: Display: Loaded TargetPlatform 'LinuxAArch64Client'
[2025.03.28-02.27.39:086][  0]LogTargetPlatformManager: Display: Loaded TargetPlatform 'LinuxAArch64Server'
[2025.03.28-02.27.39:115][  0]LogTargetPlatformManager: Display: Loaded TargetPlatform 'Lumin'
[2025.03.28-02.27.39:115][  0]LogTargetPlatformManager: Display: Loaded TargetPlatform 'LuminClient'
[2025.03.28-02.27.39:126][  0]LogTargetPlatformManager: Display: Loaded TargetPlatform 'MacNoEditor'
[2025.03.28-02.27.39:133][  0]LogTargetPlatformManager: Display: Loaded TargetPlatform 'Mac'
[2025.03.28-02.27.39:140][  0]LogTargetPlatformManager: Display: Loaded TargetPlatform 'MacClient'
[2025.03.28-02.27.39:147][  0]LogTargetPlatformManager: Display: Loaded TargetPlatform 'MacServer'
[2025.03.28-02.27.39:160][  0]LogTargetPlatformManager: Display: Loaded TargetPlatform 'TVOSClient'
[2025.03.28-02.27.39:160][  0]LogTargetPlatformManager: Display: Loaded TargetPlatform 'TVOS'
[2025.03.28-02.27.39:169][  0]LogTargetPlatformManager: Display: Loaded TargetPlatform 'WindowsNoEditor'
[2025.03.28-02.27.39:175][  0]LogTargetPlatformManager: Display: Loaded TargetPlatform 'Windows'
[2025.03.28-02.27.39:180][  0]LogTargetPlatformManager: Display: Loaded TargetPlatform 'WindowsClient'
[2025.03.28-02.27.39:185][  0]LogTargetPlatformManager: Display: Loaded TargetPlatform 'WindowsServer'
[2025.03.28-02.27.39:185][  0]LogTargetPlatformManager: Display: Building Assets For Windows
[2025.03.28-02.27.39:193][  0]LogAudioDebug: Display: Lib vorbis DLL was dynamically loaded.
[2025.03.28-02.27.39:226][  0]LogTextureFormatOodle: Display: Oodle Texture 2.9.0 init RDO Off
[2025.03.28-02.27.39:260][  0]LogRendererCore: Ray tracing is enabled for the editor. Reason: r.RayTracing=1.
[2025.03.28-02.27.39:260][  0]LogShaderCompilers: Guid format shader working directory is -21 characters bigger than the processId version (../../../../../DocsNaty/Documents/GitHub/MobileGame/PruebaMobileGame/Intermediate/Shaders/WorkingDirectory/20344/).
[2025.03.28-02.27.39:261][  0]LogShaderCompilers: Cleaned the shader compiler working directory 'C:/Users/Natalia/AppData/Local/Temp/UnrealShaderWorkingDir/9B46F8674486C94DE9C95DA151B23E69/'.
[2025.03.28-02.27.39:261][  0]LogXGEController: Cannot use XGE Controller as Incredibuild is not installed on this machine.
[2025.03.28-02.27.39:261][  0]LogShaderCompilers: Cannot use XGE Shader Compiler as Incredibuild is not installed on this machine.
[2025.03.28-02.27.39:261][  0]LogShaderCompilers: Display: Using Local Shader Compiler.
[2025.03.28-02.27.39:959][  0]LogDerivedDataCache: Display: Max Cache Size: 512 MB
[2025.03.28-02.27.40:009][  0]LogDerivedDataCache: Loaded boot cache 0.05s 94MB C:/Users/Natalia/AppData/Local/UnrealEngine/4.27/DerivedDataCache/Boot.ddc.
[2025.03.28-02.27.40:009][  0]LogDerivedDataCache: Display: Loaded Boot cache: C:/Users/Natalia/AppData/Local/UnrealEngine/4.27/DerivedDataCache/Boot.ddc
[2025.03.28-02.27.40:009][  0]LogDerivedDataCache: FDerivedDataBackendGraph:  Pak pak cache file ../../../../../DocsNaty/Documents/GitHub/MobileGame/PruebaMobileGame/DerivedDataCache/DDC.ddp not found, will not use a pak cache.
[2025.03.28-02.27.40:009][  0]LogDerivedDataCache: Unable to find inner node Pak for hierarchical cache Hierarchy.
[2025.03.28-02.27.40:009][  0]LogDerivedDataCache: FDerivedDataBackendGraph:  CompressedPak pak cache file ../../../../../DocsNaty/Documents/GitHub/MobileGame/PruebaMobileGame/DerivedDataCache/Compressed.ddp not found, will not use a pak cache.
[2025.03.28-02.27.40:009][  0]LogDerivedDataCache: Unable to find inner node CompressedPak for hierarchical cache Hierarchy.
[2025.03.28-02.27.40:025][  0]LogDerivedDataCache: Display: Pak cache opened for reading ../../../Engine/DerivedDataCache/Compressed.ddp.
[2025.03.28-02.27.40:025][  0]LogDerivedDataCache: FDerivedDataBackendGraph:  EnterprisePak pak cache file ../../../Enterprise/DerivedDataCache/Compressed.ddp not found, will not use a pak cache.
[2025.03.28-02.27.40:025][  0]LogDerivedDataCache: Unable to find inner node EnterprisePak for hierarchical cache Hierarchy.
[2025.03.28-02.27.40:064][  0]LogDerivedDataCache: Speed tests for C:/Users/Natalia/AppData/Local/UnrealEngine/Common/DerivedDataCache took 0.04 seconds
[2025.03.28-02.27.40:064][  0]LogDerivedDataCache: Display: Performance to C:/Users/Natalia/AppData/Local/UnrealEngine/Common/DerivedDataCache: Latency=0.07ms. RandomReadSpeed=913.61MBs, RandomWriteSpeed=24.87MBs. Assigned SpeedClass 'Local'
[2025.03.28-02.27.40:065][  0]LogDerivedDataCache: Using Local data cache path C:/Users/Natalia/AppData/Local/UnrealEngine/Common/DerivedDataCache: Writable
[2025.03.28-02.27.40:065][  0]LogDerivedDataCache: Shared data cache path not found in *engine.ini, will not use an Shared cache.
[2025.03.28-02.27.40:065][  0]LogDerivedDataCache: Unable to find inner node Shared for hierarchical cache Hierarchy.
[2025.03.28-02.27.41:343][  0]LogShaderCompilers: Display: Submitted 3618 shader compile jobs with 'High' priority
[2025.03.28-02.27.41:343][  0]LogSlate: Using FreeType 2.10.0
[2025.03.28-02.27.41:344][  0]LogSlate: SlateFontServices - WITH_FREETYPE: 1, WITH_HARFBUZZ: 1
[2025.03.28-02.27.41:372][  0]LogShaderCompilers: Display: Worker (1/9): shaders left to compile 3618
[2025.03.28-02.27.41:372][  0]LogShaderCompilers: Display: Worker (2/9): shaders left to compile 3608
[2025.03.28-02.27.41:372][  0]LogShaderCompilers: Display: Worker (3/9): shaders left to compile 3598
[2025.03.28-02.27.41:372][  0]LogShaderCompilers: Display: Worker (4/9): shaders left to compile 3588
[2025.03.28-02.27.41:372][  0]LogShaderCompilers: Display: Worker (5/9): shaders left to compile 3578
[2025.03.28-02.27.41:372][  0]LogShaderCompilers: Display: Worker (6/9): shaders left to compile 3568
[2025.03.28-02.27.41:372][  0]LogShaderCompilers: Display: Worker (7/9): shaders left to compile 3558
[2025.03.28-02.27.41:372][  0]LogShaderCompilers: Display: Worker (8/9): shaders left to compile 3548
[2025.03.28-02.27.41:372][  0]LogShaderCompilers: Display: Worker (9/9): shaders left to compile 3538
[2025.03.28-02.27.41:372][  0]LogShaderCompilers: Display: Started 90 'Local' shader compile jobs with 'High' priority
[2025.03.28-02.27.41:372][  0]LogAssetRegistry: FAssetRegistry took 0.0047 seconds to start up
[2025.03.28-02.27.41:695][  0]LogAssetRegistry: Error: Package ../../../../../DocsNaty/Documents/GitHub/MobileGame/PruebaMobileGame/Content/Blueprints/BP_Save.uasset is too old
[2025.03.28-02.27.41:695][  0]LogAssetRegistry: Error: Package ../../../../../DocsNaty/Documents/GitHub/MobileGame/PruebaMobileGame/Content/Characters/Mannequins/Animations/ABP_Manny.uasset is too old
[2025.03.28-02.27.41:695][  0]LogAssetRegistry: Error: Package ../../../../../DocsNaty/Documents/GitHub/MobileGame/PruebaMobileGame/Content/Characters/Mannequins/Animations/ABP_Quinn.uasset is too old
[2025.03.28-02.27.41:695][  0]LogAssetRegistry: Error: Package ../../../../../DocsNaty/Documents/GitHub/MobileGame/PruebaMobileGame/Content/Characters/Mannequins/Animations/Manny/BS_MM_WalkRun.uasset is too old
[2025.03.28-02.27.41:695][  0]LogAssetRegistry: Error: Package ../../../../../DocsNaty/Documents/GitHub/MobileGame/PruebaMobileGame/Content/Characters/Mannequins/Animations/Manny/MM_Fall_Loop.uasset is too old
[2025.03.28-02.27.41:695][  0]LogAssetRegistry: Error: Package ../../../../../DocsNaty/Documents/GitHub/MobileGame/PruebaMobileGame/Content/Characters/Mannequins/Animations/Manny/MM_Idle.uasset is too old
[2025.03.28-02.27.41:695][  0]LogAssetRegistry: Error: Package ../../../../../DocsNaty/Documents/GitHub/MobileGame/PruebaMobileGame/Content/Characters/Mannequins/Animations/Manny/MM_Jump.uasset is too old
[2025.03.28-02.27.41:695][  0]LogAssetRegistry: Error: Package ../../../../../DocsNaty/Documents/GitHub/MobileGame/PruebaMobileGame/Content/Characters/Mannequins/Animations/Manny/MM_Land.uasset is too old
[2025.03.28-02.27.41:695][  0]LogAssetRegistry: Error: Package ../../../../../DocsNaty/Documents/GitHub/MobileGame/PruebaMobileGame/Content/Characters/Mannequins/Animations/Manny/MM_Run_Fwd.uasset is too old
[2025.03.28-02.27.41:696][  0]LogAssetRegistry: Error: Package ../../../../../DocsNaty/Documents/GitHub/MobileGame/PruebaMobileGame/Content/Characters/Mannequins/Animations/Manny/MM_T_Pose.uasset is too old
[2025.03.28-02.27.41:696][  0]LogAssetRegistry: Error: Package ../../../../../DocsNaty/Documents/GitHub/MobileGame/PruebaMobileGame/Content/Characters/Mannequins/Animations/Manny/MM_Walk_Fwd.uasset is too old
[2025.03.28-02.27.41:696][  0]LogAssetRegistry: Error: Package ../../../../../DocsNaty/Documents/GitHub/MobileGame/PruebaMobileGame/Content/Characters/Mannequins/Animations/Manny/MM_Walk_InPlace.uasset is too old
[2025.03.28-02.27.41:696][  0]LogAssetRegistry: Error: Package ../../../../../DocsNaty/Documents/GitHub/MobileGame/PruebaMobileGame/Content/Characters/Mannequins/Animations/Quinn/BS_MF_Unarmed_WalkRun.uasset is too old
[2025.03.28-02.27.41:696][  0]LogAssetRegistry: Error: Package ../../../../../DocsNaty/Documents/GitHub/MobileGame/PruebaMobileGame/Content/Characters/Mannequins/Animations/Quinn/MF_Idle.uasset is too old
[2025.03.28-02.27.41:696][  0]LogAssetRegistry: Error: Package ../../../../../DocsNaty/Documents/GitHub/MobileGame/PruebaMobileGame/Content/Characters/Mannequins/Animations/Quinn/MF_Run_Fwd.uasset is too old
[2025.03.28-02.27.41:696][  0]LogAssetRegistry: Error: Package ../../../../../DocsNaty/Documents/GitHub/MobileGame/PruebaMobileGame/Content/Characters/Mannequins/Animations/Quinn/MF_Walk_Fwd.uasset is too old
[2025.03.28-02.27.41:696][  0]LogAssetRegistry: Error: Package ../../../../../DocsNaty/Documents/GitHub/MobileGame/PruebaMobileGame/Content/Characters/Mannequins/Materials/M_Mannequin.uasset is too old
[2025.03.28-02.27.41:696][  0]LogAssetRegistry: Error: Package ../../../../../DocsNaty/Documents/GitHub/MobileGame/PruebaMobileGame/Content/Characters/Mannequins/Materials/Functions/CA_Mannequin.uasset is too old
[2025.03.28-02.27.41:696][  0]LogAssetRegistry: Error: Package ../../../../../DocsNaty/Documents/GitHub/MobileGame/PruebaMobileGame/Content/Characters/Mannequins/Materials/Functions/ChromaticCurve.uasset is too old
[2025.03.28-02.27.41:696][  0]LogAssetRegistry: Error: Package ../../../../../DocsNaty/Documents/GitHub/MobileGame/PruebaMobileGame/Content/Characters/Mannequins/Materials/Functions/MF_Diffraction.uasset is too old
[2025.03.28-02.27.41:696][  0]LogAssetRegistry: Error: Package ../../../../../DocsNaty/Documents/GitHub/MobileGame/PruebaMobileGame/Content/Characters/Mannequins/Materials/Functions/MF_logo3layers.uasset is too old
[2025.03.28-02.27.41:696][  0]LogAssetRegistry: Error: Package ../../../../../DocsNaty/Documents/GitHub/MobileGame/PruebaMobileGame/Content/Characters/Mannequins/Materials/Functions/ML_BaseColorFallOff.uasset is too old
[2025.03.28-02.27.41:696][  0]LogAssetRegistry: Error: Package ../../../../../DocsNaty/Documents/GitHub/MobileGame/PruebaMobileGame/Content/Characters/Mannequins/Materials/Instances/Manny/MI_Manny_01.uasset is too old
[2025.03.28-02.27.41:696][  0]LogAssetRegistry: Error: Package ../../../../../DocsNaty/Documents/GitHub/MobileGame/PruebaMobileGame/Content/Characters/Mannequins/Materials/Instances/Manny/MI_Manny_02.uasset is too old
[2025.03.28-02.27.41:696][  0]LogAssetRegistry: Error: Package ../../../../../DocsNaty/Documents/GitHub/MobileGame/PruebaMobileGame/Content/Characters/Mannequins/Materials/Instances/Quinn/MI_Quinn_01.uasset is too old
[2025.03.28-02.27.41:696][  0]LogAssetRegistry: Error: Package ../../../../../DocsNaty/Documents/GitHub/MobileGame/PruebaMobileGame/Content/Characters/Mannequins/Materials/Instances/Quinn/MI_Quinn_02.uasset is too old
[2025.03.28-02.27.41:696][  0]LogAssetRegistry: Error: Package ../../../../../DocsNaty/Documents/GitHub/MobileGame/PruebaMobileGame/Content/Characters/Mannequins/Meshes/Mannequin_LODSettings.uasset is too old
[2025.03.28-02.27.41:696][  0]LogAssetRegistry: Error: Package ../../../../../DocsNaty/Documents/GitHub/MobileGame/PruebaMobileGame/Content/Characters/Mannequins/Meshes/SKM_Manny.uasset is too old
[2025.03.28-02.27.41:696][  0]LogAssetRegistry: Error: Package ../../../../../DocsNaty/Documents/GitHub/MobileGame/PruebaMobileGame/Content/Characters/Mannequins/Meshes/SKM_Manny_Simple.uasset is too old
[2025.03.28-02.27.41:696][  0]LogAssetRegistry: Error: Package ../../../../../DocsNaty/Documents/GitHub/MobileGame/PruebaMobileGame/Content/Characters/Mannequins/Meshes/SKM_Quinn.uasset is too old
[2025.03.28-02.27.41:696][  0]LogAssetRegistry: Error: Package ../../../../../DocsNaty/Documents/GitHub/MobileGame/PruebaMobileGame/Content/Characters/Mannequins/Meshes/SK_Mannequin.uasset is too old
[2025.03.28-02.27.41:696][  0]LogAssetRegistry: Error: Package ../../../../../DocsNaty/Documents/GitHub/MobileGame/PruebaMobileGame/Content/Characters/Mannequins/Meshes/SKM_Quinn_Simple.uasset is too old
[2025.03.28-02.27.41:696][  0]LogAssetRegistry: Error: Package ../../../../../DocsNaty/Documents/GitHub/MobileGame/PruebaMobileGame/Content/Characters/Mannequins/Rigs/ABP_Manny_PostProcess.uasset is too old
[2025.03.28-02.27.41:696][  0]LogAssetRegistry: Error: Package ../../../../../DocsNaty/Documents/GitHub/MobileGame/PruebaMobileGame/Content/Characters/Mannequins/Rigs/ABP_Quinn_PostProcess.uasset is too old
[2025.03.28-02.27.41:696][  0]LogAssetRegistry: Error: Package ../../../../../DocsNaty/Documents/GitHub/MobileGame/PruebaMobileGame/Content/Characters/Mannequins/Rigs/CR_Mannequin_BasicFootIK.uasset is too old
[2025.03.28-02.27.41:696][  0]LogAssetRegistry: Error: Package ../../../../../DocsNaty/Documents/GitHub/MobileGame/PruebaMobileGame/Content/Characters/Mannequins/Rigs/CR_Mannequin_Body.uasset is too old
[2025.03.28-02.27.41:696][  0]LogAssetRegistry: Error: Package ../../../../../DocsNaty/Documents/GitHub/MobileGame/PruebaMobileGame/Content/Characters/Mannequins/Rigs/CR_Mannequin_Procedural.uasset is too old
[2025.03.28-02.27.41:696][  0]LogAssetRegistry: Error: Package ../../../../../DocsNaty/Documents/GitHub/MobileGame/PruebaMobileGame/Content/Characters/Mannequins/Rigs/IK_Mannequin.uasset is too old
[2025.03.28-02.27.41:696][  0]LogAssetRegistry: Error: Package ../../../../../DocsNaty/Documents/GitHub/MobileGame/PruebaMobileGame/Content/Characters/Mannequins/Rigs/PA_Mannequin.uasset is too old
[2025.03.28-02.27.41:696][  0]LogAssetRegistry: Error: Package ../../../../../DocsNaty/Documents/GitHub/MobileGame/PruebaMobileGame/Content/Characters/Mannequins/Rigs/RTG_Mannequin.uasset is too old
[2025.03.28-02.27.41:696][  0]LogAssetRegistry: Error: Package ../../../../../DocsNaty/Documents/GitHub/MobileGame/PruebaMobileGame/Content/Characters/Mannequins/Rigs/Poses/Manny/Manny_calf_l_anim.uasset is too old
[2025.03.28-02.27.41:696][  0]LogAssetRegistry: Error: Package ../../../../../DocsNaty/Documents/GitHub/MobileGame/PruebaMobileGame/Content/Characters/Mannequins/Rigs/Poses/Manny/Manny_calf_r_anim.uasset is too old
[2025.03.28-02.27.41:696][  0]LogAssetRegistry: Error: Package ../../../../../DocsNaty/Documents/GitHub/MobileGame/PruebaMobileGame/Content/Characters/Mannequins/Rigs/Poses/Manny/Manny_calf_l_pose.uasset is too old
[2025.03.28-02.27.41:696][  0]LogAssetRegistry: Error: Package ../../../../../DocsNaty/Documents/GitHub/MobileGame/PruebaMobileGame/Content/Characters/Mannequins/Rigs/Poses/Manny/Manny_calf_r_pose.uasset is too old
[2025.03.28-02.27.41:696][  0]LogAssetRegistry: Error: Package ../../../../../DocsNaty/Documents/GitHub/MobileGame/PruebaMobileGame/Content/Characters/Mannequins/Rigs/Poses/Manny/Manny_clavicle_l_anim.uasset is too old
[2025.03.28-02.27.41:696][  0]LogAssetRegistry: Error: Package ../../../../../DocsNaty/Documents/GitHub/MobileGame/PruebaMobileGame/Content/Characters/Mannequins/Rigs/Poses/Manny/Manny_clavicle_l_pose.uasset is too old
[2025.03.28-02.27.41:696][  0]LogAssetRegistry: Error: Package ../../../../../DocsNaty/Documents/GitHub/MobileGame/PruebaMobileGame/Content/Characters/Mannequins/Rigs/Poses/Manny/Manny_clavicle_r_anim.uasset is too old
[2025.03.28-02.27.41:696][  0]LogAssetRegistry: Error: Package ../../../../../DocsNaty/Documents/GitHub/MobileGame/PruebaMobileGame/Content/Characters/Mannequins/Rigs/Poses/Manny/Manny_clavicle_r_pose.uasset is too old
[2025.03.28-02.27.41:696][  0]LogAssetRegistry: Error: Package ../../../../../DocsNaty/Documents/GitHub/MobileGame/PruebaMobileGame/Content/Characters/Mannequins/Rigs/Poses/Manny/Manny_foot_l_anim.uasset is too old
[2025.03.28-02.27.41:696][  0]LogAssetRegistry: Error: Package ../../../../../DocsNaty/Documents/GitHub/MobileGame/PruebaMobileGame/Content/Characters/Mannequins/Rigs/Poses/Manny/Manny_foot_l_pose.uasset is too old
[2025.03.28-02.27.41:696][  0]LogAssetRegistry: Error: Package ../../../../../DocsNaty/Documents/GitHub/MobileGame/PruebaMobileGame/Content/Characters/Mannequins/Rigs/Poses/Manny/Manny_foot_r_anim.uasset is too old
[2025.03.28-02.27.41:696][  0]LogAssetRegistry: Error: Package ../../../../../DocsNaty/Documents/GitHub/MobileGame/PruebaMobileGame/Content/Characters/Mannequins/Rigs/Poses/Manny/Manny_foot_r_pose.uasset is too old
[2025.03.28-02.27.41:696][  0]LogAssetRegistry: Error: Package ../../../../../DocsNaty/Documents/GitHub/MobileGame/PruebaMobileGame/Content/Characters/Mannequins/Rigs/Poses/Manny/Manny_hand_l_anim.uasset is too old
[2025.03.28-02.27.41:696][  0]LogAssetRegistry: Error: Package ../../../../../DocsNaty/Documents/GitHub/MobileGame/PruebaMobileGame/Content/Characters/Mannequins/Rigs/Poses/Manny/Manny_hand_l_pose.uasset is too old
[2025.03.28-02.27.41:696][  0]LogAssetRegistry: Error: Package ../../../../../DocsNaty/Documents/GitHub/MobileGame/PruebaMobileGame/Content/Characters/Mannequins/Rigs/Poses/Manny/Manny_hand_r_pose.uasset is too old
[2025.03.28-02.27.41:696][  0]LogAssetRegistry: Error: Package ../../../../../DocsNaty/Documents/GitHub/MobileGame/PruebaMobileGame/Content/Characters/Mannequins/Rigs/Poses/Manny/Manny_hand_r_anim.uasset is too old
[2025.03.28-02.27.41:696][  0]LogAssetRegistry: Error: Package ../../../../../DocsNaty/Documents/GitHub/MobileGame/PruebaMobileGame/Content/Characters/Mannequins/Rigs/Poses/Manny/Manny_lowerarm_l_anim.uasset is too old
[2025.03.28-02.27.41:696][  0]LogAssetRegistry: Error: Package ../../../../../DocsNaty/Documents/GitHub/MobileGame/PruebaMobileGame/Content/Characters/Mannequins/Rigs/Poses/Manny/Manny_lowerarm_l_pose.uasset is too old
[2025.03.28-02.27.41:696][  0]LogAssetRegistry: Error: Package ../../../../../DocsNaty/Documents/GitHub/MobileGame/PruebaMobileGame/Content/Characters/Mannequins/Rigs/Poses/Manny/Manny_lowerarm_r_anim.uasset is too old
[2025.03.28-02.27.41:696][  0]LogAssetRegistry: Error: Package ../../../../../DocsNaty/Documents/GitHub/MobileGame/PruebaMobileGame/Content/Characters/Mannequins/Rigs/Poses/Manny/Manny_lowerarm_r_pose.uasset is too old
[2025.03.28-02.27.41:696][  0]LogAssetRegistry: Error: Package ../../../../../DocsNaty/Documents/GitHub/MobileGame/PruebaMobileGame/Content/Characters/Mannequins/Rigs/Poses/Manny/Manny_thigh_l_anim.uasset is too old
[2025.03.28-02.27.41:696][  0]LogAssetRegistry: Error: Package ../../../../../DocsNaty/Documents/GitHub/MobileGame/PruebaMobileGame/Content/Characters/Mannequins/Rigs/Poses/Manny/Manny_thigh_l_pose.uasset is too old
[2025.03.28-02.27.41:696][  0]LogAssetRegistry: Error: Package ../../../../../DocsNaty/Documents/GitHub/MobileGame/PruebaMobileGame/Content/Characters/Mannequins/Rigs/Poses/Manny/Manny_thigh_r_anim.uasset is too old
[2025.03.28-02.27.41:696][  0]LogAssetRegistry: Error: Package ../../../../../DocsNaty/Documents/GitHub/MobileGame/PruebaMobileGame/Content/Characters/Mannequins/Rigs/Poses/Manny/Manny_thigh_r_pose.uasset is too old
[2025.03.28-02.27.41:696][  0]LogAssetRegistry: Error: Package ../../../../../DocsNaty/Documents/GitHub/MobileGame/PruebaMobileGame/Content/Characters/Mannequins/Rigs/Poses/Manny/Manny_upperarm_l_anim.uasset is too old
[2025.03.28-02.27.41:696][  0]LogAssetRegistry: Error: Package ../../../../../DocsNaty/Documents/GitHub/MobileGame/PruebaMobileGame/Content/Characters/Mannequins/Rigs/Poses/Manny/Manny_upperarm_l_pose.uasset is too old
[2025.03.28-02.27.41:696][  0]LogAssetRegistry: Error: Package ../../../../../DocsNaty/Documents/GitHub/MobileGame/PruebaMobileGame/Content/Characters/Mannequins/Rigs/Poses/Manny/Manny_upperarm_r_anim.uasset is too old
[2025.03.28-02.27.41:696][  0]LogAssetRegistry: Error: Package ../../../../../DocsNaty/Documents/GitHub/MobileGame/PruebaMobileGame/Content/Characters/Mannequins/Rigs/Poses/Manny/Manny_upperarm_r_pose.uasset is too old
[2025.03.28-02.27.41:696][  0]LogAssetRegistry: Error: Package ../../../../../DocsNaty/Documents/GitHub/MobileGame/PruebaMobileGame/Content/Characters/Mannequins/Rigs/Poses/Quinn/Quinn_calf_l_anim.uasset is too old
[2025.03.28-02.27.41:696][  0]LogAssetRegistry: Error: Package ../../../../../DocsNaty/Documents/GitHub/MobileGame/PruebaMobileGame/Content/Characters/Mannequins/Rigs/Poses/Quinn/Quinn_calf_l_pose.uasset is too old
[2025.03.28-02.27.41:696][  0]LogAssetRegistry: Error: Package ../../../../../DocsNaty/Documents/GitHub/MobileGame/PruebaMobileGame/Content/Characters/Mannequins/Rigs/Poses/Quinn/Quinn_calf_r_anim.uasset is too old
[2025.03.28-02.27.41:696][  0]LogAssetRegistry: Error: Package ../../../../../DocsNaty/Documents/GitHub/MobileGame/PruebaMobileGame/Content/Characters/Mannequins/Rigs/Poses/Quinn/Quinn_calf_r_pose.uasset is too old
[2025.03.28-02.27.41:696][  0]LogAssetRegistry: Error: Package ../../../../../DocsNaty/Documents/GitHub/MobileGame/PruebaMobileGame/Content/Characters/Mannequins/Rigs/Poses/Quinn/Quinn_clavicle_l_anim.uasset is too old
[2025.03.28-02.27.41:696][  0]LogAssetRegistry: Error: Package ../../../../../DocsNaty/Documents/GitHub/MobileGame/PruebaMobileGame/Content/Characters/Mannequins/Rigs/Poses/Quinn/Quinn_clavicle_l_pose.uasset is too old
[2025.03.28-02.27.41:696][  0]LogAssetRegistry: Error: Package ../../../../../DocsNaty/Documents/GitHub/MobileGame/PruebaMobileGame/Content/Characters/Mannequins/Rigs/Poses/Quinn/Quinn_clavicle_r_anim.uasset is too old
[2025.03.28-02.27.41:696][  0]LogAssetRegistry: Error: Package ../../../../../DocsNaty/Documents/GitHub/MobileGame/PruebaMobileGame/Content/Characters/Mannequins/Rigs/Poses/Quinn/Quinn_clavicle_r_pose.uasset is too old
[2025.03.28-02.27.41:696][  0]LogAssetRegistry: Error: Package ../../../../../DocsNaty/Documents/GitHub/MobileGame/PruebaMobileGame/Content/Characters/Mannequins/Rigs/Poses/Quinn/Quinn_foot_l_anim.uasset is too old
[2025.03.28-02.27.41:696][  0]LogAssetRegistry: Error: Package ../../../../../DocsNaty/Documents/GitHub/MobileGame/PruebaMobileGame/Content/Characters/Mannequins/Rigs/Poses/Quinn/Quinn_foot_l_pose.uasset is too old
[2025.03.28-02.27.41:696][  0]LogAssetRegistry: Error: Package ../../../../../DocsNaty/Documents/GitHub/MobileGame/PruebaMobileGame/Content/Characters/Mannequins/Rigs/Poses/Quinn/Quinn_foot_r_anim.uasset is too old
[2025.03.28-02.27.41:696][  0]LogAssetRegistry: Error: Package ../../../../../DocsNaty/Documents/GitHub/MobileGame/PruebaMobileGame/Content/Characters/Mannequins/Rigs/Poses/Quinn/Quinn_foot_r_pose.uasset is too old
[2025.03.28-02.27.41:696][  0]LogAssetRegistry: Error: Package ../../../../../DocsNaty/Documents/GitHub/MobileGame/PruebaMobileGame/Content/Characters/Mannequins/Rigs/Poses/Quinn/Quinn_hand_l_anim.uasset is too old
[2025.03.28-02.27.41:696][  0]LogAssetRegistry: Error: Package ../../../../../DocsNaty/Documents/GitHub/MobileGame/PruebaMobileGame/Content/Characters/Mannequins/Rigs/Poses/Quinn/Quinn_hand_l_pose.uasset is too old
[2025.03.28-02.27.41:696][  0]LogAssetRegistry: Error: Package ../../../../../DocsNaty/Documents/GitHub/MobileGame/PruebaMobileGame/Content/Characters/Mannequins/Rigs/Poses/Quinn/Quinn_hand_r_anim.uasset is too old
[2025.03.28-02.27.41:696][  0]LogAssetRegistry: Error: Package ../../../../../DocsNaty/Documents/GitHub/MobileGame/PruebaMobileGame/Content/Characters/Mannequins/Rigs/Poses/Quinn/Quinn_hand_r_pose.uasset is too old
[2025.03.28-02.27.41:696][  0]LogAssetRegistry: Error: Package ../../../../../DocsNaty/Documents/GitHub/MobileGame/PruebaMobileGame/Content/Characters/Mannequins/Rigs/Poses/Quinn/Quinn_lowerarm_l_anim.uasset is too old
[2025.03.28-02.27.41:696][  0]LogAssetRegistry: Error: Package ../../../../../DocsNaty/Documents/GitHub/MobileGame/PruebaMobileGame/Content/Characters/Mannequins/Rigs/Poses/Quinn/Quinn_lowerarm_l_pose.uasset is too old
[2025.03.28-02.27.41:696][  0]LogAssetRegistry: Error: Package ../../../../../DocsNaty/Documents/GitHub/MobileGame/PruebaMobileGame/Content/Characters/Mannequins/Rigs/Poses/Quinn/Quinn_lowerarm_r_anim.uasset is too old
[2025.03.28-02.27.41:696][  0]LogAssetRegistry: Error: Package ../../../../../DocsNaty/Documents/GitHub/MobileGame/PruebaMobileGame/Content/Characters/Mannequins/Rigs/Poses/Quinn/Quinn_lowerarm_r_pose.uasset is too old
[2025.03.28-02.27.41:696][  0]LogAssetRegistry: Error: Package ../../../../../DocsNaty/Documents/GitHub/MobileGame/PruebaMobileGame/Content/Characters/Mannequins/Rigs/Poses/Quinn/Quinn_thigh_l_anim.uasset is too old
[2025.03.28-02.27.41:696][  0]LogAssetRegistry: Error: Package ../../../../../DocsNaty/Documents/GitHub/MobileGame/PruebaMobileGame/Content/Characters/Mannequins/Rigs/Poses/Quinn/Quinn_thigh_l_pose.uasset is too old
[2025.03.28-02.27.41:696][  0]LogAssetRegistry: Error: Package ../../../../../DocsNaty/Documents/GitHub/MobileGame/PruebaMobileGame/Content/Characters/Mannequins/Rigs/Poses/Quinn/Quinn_thigh_r_anim.uasset is too old
[2025.03.28-02.27.41:696][  0]LogAssetRegistry: Error: Package ../../../../../DocsNaty/Documents/GitHub/MobileGame/PruebaMobileGame/Content/Characters/Mannequins/Rigs/Poses/Quinn/Quinn_thigh_r_pose.uasset is too old
[2025.03.28-02.27.41:696][  0]LogAssetRegistry: Error: Package ../../../../../DocsNaty/Documents/GitHub/MobileGame/PruebaMobileGame/Content/Characters/Mannequins/Rigs/Poses/Quinn/Quinn_upperarm_l_anim.uasset is too old
[2025.03.28-02.27.41:698][  0]LogAssetRegistry: Error: Package ../../../../../DocsNaty/Documents/GitHub/MobileGame/PruebaMobileGame/Content/Characters/Mannequins/Rigs/Poses/Quinn/Quinn_upperarm_l_pose.uasset is too old
[2025.03.28-02.27.41:698][  0]LogAssetRegistry: Error: Package ../../../../../DocsNaty/Documents/GitHub/MobileGame/PruebaMobileGame/Content/Characters/Mannequins/Rigs/Poses/Quinn/Quinn_upperarm_r_anim.uasset is too old
[2025.03.28-02.27.41:698][  0]LogAssetRegistry: Error: Package ../../../../../DocsNaty/Documents/GitHub/MobileGame/PruebaMobileGame/Content/Characters/Mannequins/Rigs/Poses/Quinn/Quinn_upperarm_r_pose.uasset is too old
[2025.03.28-02.27.41:698][  0]LogAssetRegistry: Error: Package ../../../../../DocsNaty/Documents/GitHub/MobileGame/PruebaMobileGame/Content/Characters/Mannequins/Textures/Manny/T_Manny_01_ASAOPMASK_MSK.uasset is too old
[2025.03.28-02.27.41:698][  0]LogAssetRegistry: Error: Package ../../../../../DocsNaty/Documents/GitHub/MobileGame/PruebaMobileGame/Content/Characters/Mannequins/Textures/Manny/T_Manny_01_BN.uasset is too old
[2025.03.28-02.27.41:698][  0]LogAssetRegistry: Error: Package ../../../../../DocsNaty/Documents/GitHub/MobileGame/PruebaMobileGame/Content/Characters/Mannequins/Textures/Manny/T_Manny_01_CCRCCPlastic_MSK.uasset is too old
[2025.03.28-02.27.41:698][  0]LogAssetRegistry: Error: Package ../../../../../DocsNaty/Documents/GitHub/MobileGame/PruebaMobileGame/Content/Characters/Mannequins/Textures/Manny/T_Manny_01_D.uasset is too old
[2025.03.28-02.27.41:698][  0]LogAssetRegistry: Error: Package ../../../../../DocsNaty/Documents/GitHub/MobileGame/PruebaMobileGame/Content/Characters/Mannequins/Textures/Manny/T_Manny_01_MSR_MSK.uasset is too old
[2025.03.28-02.27.41:698][  0]LogAssetRegistry: Error: Package ../../../../../DocsNaty/Documents/GitHub/MobileGame/PruebaMobileGame/Content/Characters/Mannequins/Textures/Manny/T_Manny_01_Tan.uasset is too old
[2025.03.28-02.27.41:698][  0]LogAssetRegistry: Error: Package ../../../../../DocsNaty/Documents/GitHub/MobileGame/PruebaMobileGame/Content/Characters/Mannequins/Textures/Manny/T_Manny_01_N.uasset is too old
[2025.03.28-02.27.41:698][  0]LogAssetRegistry: Error: Package ../../../../../DocsNaty/Documents/GitHub/MobileGame/PruebaMobileGame/Content/Characters/Mannequins/Textures/Manny/T_Manny_02_ASAOPMASK_MSK.uasset is too old
[2025.03.28-02.27.41:698][  0]LogAssetRegistry: Error: Package ../../../../../DocsNaty/Documents/GitHub/MobileGame/PruebaMobileGame/Content/Characters/Mannequins/Textures/Manny/T_Manny_02_BN.uasset is too old
[2025.03.28-02.27.41:698][  0]LogAssetRegistry: Error: Package ../../../../../DocsNaty/Documents/GitHub/MobileGame/PruebaMobileGame/Content/Characters/Mannequins/Textures/Manny/T_Manny_02_CCRCCPlastic_MSK.uasset is too old
[2025.03.28-02.27.41:698][  0]LogAssetRegistry: Error: Package ../../../../../DocsNaty/Documents/GitHub/MobileGame/PruebaMobileGame/Content/Characters/Mannequins/Textures/Manny/T_Manny_02_D.uasset is too old
[2025.03.28-02.27.41:698][  0]LogAssetRegistry: Error: Package ../../../../../DocsNaty/Documents/GitHub/MobileGame/PruebaMobileGame/Content/Characters/Mannequins/Textures/Manny/T_Manny_02_MSR_MSK.uasset is too old
[2025.03.28-02.27.41:698][  0]LogAssetRegistry: Error: Package ../../../../../DocsNaty/Documents/GitHub/MobileGame/PruebaMobileGame/Content/Characters/Mannequins/Textures/Manny/T_Manny_02_N.uasset is too old
[2025.03.28-02.27.41:698][  0]LogAssetRegistry: Error: Package ../../../../../DocsNaty/Documents/GitHub/MobileGame/PruebaMobileGame/Content/Characters/Mannequins/Textures/Manny/T_Manny_02_Tan.uasset is too old
[2025.03.28-02.27.41:698][  0]LogAssetRegistry: Error: Package ../../../../../DocsNaty/Documents/GitHub/MobileGame/PruebaMobileGame/Content/Characters/Mannequins/Textures/Quinn/T_Quinn_01ID_BN.uasset is too old
[2025.03.28-02.27.41:698][  0]LogAssetRegistry: Error: Package ../../../../../DocsNaty/Documents/GitHub/MobileGame/PruebaMobileGame/Content/Characters/Mannequins/Textures/Quinn/T_Quinn_01ID_D.uasset is too old
[2025.03.28-02.27.41:698][  0]LogAssetRegistry: Error: Package ../../../../../DocsNaty/Documents/GitHub/MobileGame/PruebaMobileGame/Content/Characters/Mannequins/Textures/Quinn/T_Quinn_01ID_MSR_MSK.uasset is too old
[2025.03.28-02.27.41:698][  0]LogAssetRegistry: Error: Package ../../../../../DocsNaty/Documents/GitHub/MobileGame/PruebaMobileGame/Content/Characters/Mannequins/Textures/Quinn/T_Quinn_01ID_N.uasset is too old
[2025.03.28-02.27.41:698][  0]LogAssetRegistry: Error: Package ../../../../../DocsNaty/Documents/GitHub/MobileGame/PruebaMobileGame/Content/Characters/Mannequins/Textures/Quinn/T_Quinn_01ID_Tan.uasset is too old
[2025.03.28-02.27.41:698][  0]LogAssetRegistry: Error: Package ../../../../../DocsNaty/Documents/GitHub/MobileGame/PruebaMobileGame/Content/Characters/Mannequins/Textures/Quinn/T_Quinn_01_ASAOMASK_MSK.uasset is too old
[2025.03.28-02.27.41:698][  0]LogAssetRegistry: Error: Package ../../../../../DocsNaty/Documents/GitHub/MobileGame/PruebaMobileGame/Content/Characters/Mannequins/Textures/Quinn/T_Quinn_01_CCRCCPlastic_MSK.uasset is too old
[2025.03.28-02.27.41:698][  0]LogAssetRegistry: Error: Package ../../../../../DocsNaty/Documents/GitHub/MobileGame/PruebaMobileGame/Content/Characters/Mannequins/Textures/Quinn/T_Quinn_02ID_BN.uasset is too old
[2025.03.28-02.27.41:698][  0]LogAssetRegistry: Error: Package ../../../../../DocsNaty/Documents/GitHub/MobileGame/PruebaMobileGame/Content/Characters/Mannequins/Textures/Quinn/T_Quinn_02ID_D.uasset is too old
[2025.03.28-02.27.41:698][  0]LogAssetRegistry: Error: Package ../../../../../DocsNaty/Documents/GitHub/MobileGame/PruebaMobileGame/Content/Characters/Mannequins/Textures/Quinn/T_Quinn_02ID_MSR_MSK.uasset is too old
[2025.03.28-02.27.41:698][  0]LogAssetRegistry: Error: Package ../../../../../DocsNaty/Documents/GitHub/MobileGame/PruebaMobileGame/Content/Characters/Mannequins/Textures/Quinn/T_Quinn_02ID_N.uasset is too old
[2025.03.28-02.27.41:698][  0]LogAssetRegistry: Error: Package ../../../../../DocsNaty/Documents/GitHub/MobileGame/PruebaMobileGame/Content/Characters/Mannequins/Textures/Quinn/T_Quinn_02ID_Tan.uasset is too old
[2025.03.28-02.27.41:698][  0]LogAssetRegistry: Error: Package ../../../../../DocsNaty/Documents/GitHub/MobileGame/PruebaMobileGame/Content/Characters/Mannequins/Textures/Quinn/T_Quinn_02_ASAOMASK_MSK.uasset is too old
[2025.03.28-02.27.41:698][  0]LogAssetRegistry: Error: Package ../../../../../DocsNaty/Documents/GitHub/MobileGame/PruebaMobileGame/Content/Characters/Mannequins/Textures/Quinn/T_Quinn_02_CCRCCPlastic_MSK.uasset is too old
[2025.03.28-02.27.41:698][  0]LogAssetRegistry: Error: Package ../../../../../DocsNaty/Documents/GitHub/MobileGame/PruebaMobileGame/Content/Characters/Mannequins/Textures/Shared/T_UE_Logo_M.uasset is too old
[2025.03.28-02.27.41:698][  0]LogAssetRegistry: Error: Package ../../../../../DocsNaty/Documents/GitHub/MobileGame/PruebaMobileGame/Content/Characters/Mannequin_UE4/Animations/Jog_Fwd.uasset is too old
[2025.03.28-02.27.41:698][  0]LogAssetRegistry: Error: Package ../../../../../DocsNaty/Documents/GitHub/MobileGame/PruebaMobileGame/Content/Characters/Mannequin_UE4/Materials/M_MannequinUE4_Body.uasset is too old
[2025.03.28-02.27.41:698][  0]LogAssetRegistry: Error: Package ../../../../../DocsNaty/Documents/GitHub/MobileGame/PruebaMobileGame/Content/Characters/Mannequin_UE4/Materials/M_MannequinUE4_ChestLogo.uasset is too old
[2025.03.28-02.27.41:698][  0]LogAssetRegistry: Error: Package ../../../../../DocsNaty/Documents/GitHub/MobileGame/PruebaMobileGame/Content/Characters/Mannequin_UE4/Materials/Layers/ML_Latex_Black.uasset is too old
[2025.03.28-02.27.41:698][  0]LogAssetRegistry: Error: Package ../../../../../DocsNaty/Documents/GitHub/MobileGame/PruebaMobileGame/Content/Characters/Mannequin_UE4/Materials/Layers/ML_ShinyPlastic_Beige.uasset is too old
[2025.03.28-02.27.41:698][  0]LogAssetRegistry: Error: Package ../../../../../DocsNaty/Documents/GitHub/MobileGame/PruebaMobileGame/Content/Characters/Mannequin_UE4/Materials/Layers/ML_ShinyPlastic_Beige_Logo.uasset is too old
[2025.03.28-02.27.41:698][  0]LogAssetRegistry: Error: Package ../../../../../DocsNaty/Documents/GitHub/MobileGame/PruebaMobileGame/Content/Characters/Mannequin_UE4/Materials/Layers/ML_SoftMetal.uasset is too old
[2025.03.28-02.27.41:698][  0]LogAssetRegistry: Error: Package ../../../../../DocsNaty/Documents/GitHub/MobileGame/PruebaMobileGame/Content/Characters/Mannequin_UE4/Meshes/SK_Mannequin.uasset is too old
[2025.03.28-02.27.41:698][  0]LogAssetRegistry: Error: Package ../../../../../DocsNaty/Documents/GitHub/MobileGame/PruebaMobileGame/Content/Characters/Mannequin_UE4/Meshes/SK_Mannequin_PhysicsAsset.uasset is too old
[2025.03.28-02.27.41:698][  0]LogAssetRegistry: Error: Package ../../../../../DocsNaty/Documents/GitHub/MobileGame/PruebaMobileGame/Content/Characters/Mannequin_UE4/Meshes/SK_Mannequin_Skeleton.uasset is too old
[2025.03.28-02.27.41:698][  0]LogAssetRegistry: Error: Package ../../../../../DocsNaty/Documents/GitHub/MobileGame/PruebaMobileGame/Content/Characters/Mannequin_UE4/Rigs/IK_UE4_Mannequin.uasset is too old
[2025.03.28-02.27.41:698][  0]LogAssetRegistry: Error: Package ../../../../../DocsNaty/Documents/GitHub/MobileGame/PruebaMobileGame/Content/Characters/Mannequin_UE4/Rigs/RTG_UE4Manny_UE5Manny.uasset is too old
[2025.03.28-02.27.41:698][  0]LogAssetRegistry: Error: Package ../../../../../DocsNaty/Documents/GitHub/MobileGame/PruebaMobileGame/Content/Characters/Mannequin_UE4/Textures/T_ML_Aluminum01.uasset is too old
[2025.03.28-02.27.41:698][  0]LogAssetRegistry: Error: Package ../../../../../DocsNaty/Documents/GitHub/MobileGame/PruebaMobileGame/Content/Characters/Mannequin_UE4/Rigs/RTG_UE5Manny_UE4Manny.uasset is too old
[2025.03.28-02.27.41:698][  0]LogAssetRegistry: Error: Package ../../../../../DocsNaty/Documents/GitHub/MobileGame/PruebaMobileGame/Content/Characters/Mannequin_UE4/Textures/T_ML_Rubber_Blue_01_D.uasset is too old
[2025.03.28-02.27.41:698][  0]LogAssetRegistry: Error: Package ../../../../../DocsNaty/Documents/GitHub/MobileGame/PruebaMobileGame/Content/Characters/Mannequin_UE4/Textures/T_ML_Aluminum01_N.uasset is too old
[2025.03.28-02.27.41:698][  0]LogAssetRegistry: Error: Package ../../../../../DocsNaty/Documents/GitHub/MobileGame/PruebaMobileGame/Content/Characters/Mannequin_UE4/Textures/T_ML_Rubber_Blue_01_N.uasset is too old
[2025.03.28-02.27.41:698][  0]LogAssetRegistry: Error: Package ../../../../../DocsNaty/Documents/GitHub/MobileGame/PruebaMobileGame/Content/Characters/Mannequin_UE4/Textures/T_UE4_Mannequin_MAT_MASKA.uasset is too old
[2025.03.28-02.27.41:698][  0]LogAssetRegistry: Error: Package ../../../../../DocsNaty/Documents/GitHub/MobileGame/PruebaMobileGame/Content/Characters/Mannequin_UE4/Textures/T_UE4_Mannequin__normals.uasset is too old
[2025.03.28-02.27.41:698][  0]LogAssetRegistry: Error: Package ../../../../../DocsNaty/Documents/GitHub/MobileGame/PruebaMobileGame/Content/Characters/Mannequin_UE4/Textures/T_UELogo_Mask.uasset is too old
[2025.03.28-02.27.41:698][  0]LogAssetRegistry: Error: Package ../../../../../DocsNaty/Documents/GitHub/MobileGame/PruebaMobileGame/Content/Characters/Mannequin_UE4/Textures/T_UELogo_N_TGA.uasset is too old
[2025.03.28-02.27.41:698][  0]LogAssetRegistry: Error: Package ../../../../../DocsNaty/Documents/GitHub/MobileGame/PruebaMobileGame/Content/LevelPrototyping/Materials/MF_ProcGrid.uasset is too old
[2025.03.28-02.27.41:698][  0]LogAssetRegistry: Error: Package ../../../../../DocsNaty/Documents/GitHub/MobileGame/PruebaMobileGame/Content/LevelPrototyping/Materials/MI_PrototypeGrid_Gray.uasset is too old
[2025.03.28-02.27.41:698][  0]LogAssetRegistry: Error: Package ../../../../../DocsNaty/Documents/GitHub/MobileGame/PruebaMobileGame/Content/LevelPrototyping/Materials/MI_PrototypeGrid_Gray_02.uasset is too old
[2025.03.28-02.27.41:698][  0]LogAssetRegistry: Error: Package ../../../../../DocsNaty/Documents/GitHub/MobileGame/PruebaMobileGame/Content/LevelPrototyping/Materials/MI_PrototypeGrid_TopDark.uasset is too old
[2025.03.28-02.27.41:698][  0]LogAssetRegistry: Error: Package ../../../../../DocsNaty/Documents/GitHub/MobileGame/PruebaMobileGame/Content/LevelPrototyping/Materials/MI_Solid_Blue.uasset is too old
[2025.03.28-02.27.41:698][  0]LogAssetRegistry: Error: Package ../../../../../DocsNaty/Documents/GitHub/MobileGame/PruebaMobileGame/Content/LevelPrototyping/Materials/M_PrototypeGrid.uasset is too old
[2025.03.28-02.27.41:698][  0]LogAssetRegistry: Error: Package ../../../../../DocsNaty/Documents/GitHub/MobileGame/PruebaMobileGame/Content/LevelPrototyping/Materials/M_Solid.uasset is too old
[2025.03.28-02.27.41:698][  0]LogAssetRegistry: Error: Package ../../../../../DocsNaty/Documents/GitHub/MobileGame/PruebaMobileGame/Content/LevelPrototyping/Meshes/SM_ChamferCube.uasset is too old
[2025.03.28-02.27.41:698][  0]LogAssetRegistry: Error: Package ../../../../../DocsNaty/Documents/GitHub/MobileGame/PruebaMobileGame/Content/LevelPrototyping/Meshes/SM_Cube.uasset is too old
[2025.03.28-02.27.41:698][  0]LogAssetRegistry: Error: Package ../../../../../DocsNaty/Documents/GitHub/MobileGame/PruebaMobileGame/Content/LevelPrototyping/Meshes/SM_Cylinder.uasset is too old
[2025.03.28-02.27.41:698][  0]LogAssetRegistry: Error: Package ../../../../../DocsNaty/Documents/GitHub/MobileGame/PruebaMobileGame/Content/LevelPrototyping/Meshes/SM_QuarterCylinder.uasset is too old
[2025.03.28-02.27.41:698][  0]LogAssetRegistry: Error: Package ../../../../../DocsNaty/Documents/GitHub/MobileGame/PruebaMobileGame/Content/LevelPrototyping/Meshes/SM_Ramp.uasset is too old
[2025.03.28-02.27.41:698][  0]LogAssetRegistry: Error: Package ../../../../../DocsNaty/Documents/GitHub/MobileGame/PruebaMobileGame/Content/LevelPrototyping/Textures/T_GridChecker_A.uasset is too old
[2025.03.28-02.27.41:698][  0]LogAssetRegistry: Error: Package ../../../../../DocsNaty/Documents/GitHub/MobileGame/PruebaMobileGame/Content/StarterContent/Architecture/Floor_400x400.uasset is too old
[2025.03.28-02.27.41:698][  0]LogAssetRegistry: Error: Package ../../../../../DocsNaty/Documents/GitHub/MobileGame/PruebaMobileGame/Content/StarterContent/Architecture/Pillar_50x500.uasset is too old
[2025.03.28-02.27.41:698][  0]LogAssetRegistry: Error: Package ../../../../../DocsNaty/Documents/GitHub/MobileGame/PruebaMobileGame/Content/StarterContent/Architecture/SM_AssetPlatform.uasset is too old
[2025.03.28-02.27.41:698][  0]LogAssetRegistry: Error: Package ../../../../../DocsNaty/Documents/GitHub/MobileGame/PruebaMobileGame/Content/StarterContent/Architecture/Wall_400x200.uasset is too old
[2025.03.28-02.27.41:698][  0]LogAssetRegistry: Error: Package ../../../../../DocsNaty/Documents/GitHub/MobileGame/PruebaMobileGame/Content/StarterContent/Architecture/Wall_400x400.uasset is too old
[2025.03.28-02.27.41:698][  0]LogAssetRegistry: Error: Package ../../../../../DocsNaty/Documents/GitHub/MobileGame/PruebaMobileGame/Content/StarterContent/Architecture/Wall_400x300.uasset is too old
[2025.03.28-02.27.41:699][  0]LogAssetRegistry: Error: Package ../../../../../DocsNaty/Documents/GitHub/MobileGame/PruebaMobileGame/Content/StarterContent/Architecture/Wall_500x500.uasset is too old
[2025.03.28-02.27.41:699][  0]LogAssetRegistry: Error: Package ../../../../../DocsNaty/Documents/GitHub/MobileGame/PruebaMobileGame/Content/StarterContent/Architecture/Wall_Door_400x300.uasset is too old
[2025.03.28-02.27.41:699][  0]LogAssetRegistry: Error: Package ../../../../../DocsNaty/Documents/GitHub/MobileGame/PruebaMobileGame/Content/StarterContent/Architecture/Wall_Door_400x400.uasset is too old
[2025.03.28-02.27.41:699][  0]LogAssetRegistry: Error: Package ../../../../../DocsNaty/Documents/GitHub/MobileGame/PruebaMobileGame/Content/StarterContent/Architecture/Wall_Window_400x300.uasset is too old
[2025.03.28-02.27.41:699][  0]LogAssetRegistry: Error: Package ../../../../../DocsNaty/Documents/GitHub/MobileGame/PruebaMobileGame/Content/StarterContent/Architecture/Wall_Window_400x400.uasset is too old
[2025.03.28-02.27.41:699][  0]LogAssetRegistry: Error: Package ../../../../../DocsNaty/Documents/GitHub/MobileGame/PruebaMobileGame/Content/StarterContent/Blueprints/BP_LightStudio.uasset has newer custom version of FortniteMain
[2025.03.28-02.27.41:699][  0]LogAssetRegistry: Error: Package ../../../../../DocsNaty/Documents/GitHub/MobileGame/PruebaMobileGame/Content/StarterContent/Blueprints/Assets/FogBrightnessLUT.uasset is too old
[2025.03.28-02.27.41:699][  0]LogAssetRegistry: Error: Package ../../../../../DocsNaty/Documents/GitHub/MobileGame/PruebaMobileGame/Content/StarterContent/Blueprints/Assets/M_LightStage_Arrows.uasset is too old
[2025.03.28-02.27.41:699][  0]LogAssetRegistry: Error: Package ../../../../../DocsNaty/Documents/GitHub/MobileGame/PruebaMobileGame/Content/StarterContent/Blueprints/Assets/M_LightStage_Skybox_Black.uasset is too old
[2025.03.28-02.27.41:699][  0]LogAssetRegistry: Error: Package ../../../../../DocsNaty/Documents/GitHub/MobileGame/PruebaMobileGame/Content/StarterContent/Blueprints/Assets/M_LightStage_Skybox_HDRI.uasset is too old
[2025.03.28-02.27.41:699][  0]LogAssetRegistry: Error: Package ../../../../../DocsNaty/Documents/GitHub/MobileGame/PruebaMobileGame/Content/StarterContent/Blueprints/Assets/M_LightStage_Skybox_Master.uasset is too old
[2025.03.28-02.27.41:699][  0]LogAssetRegistry: Error: Package ../../../../../DocsNaty/Documents/GitHub/MobileGame/PruebaMobileGame/Content/StarterContent/Blueprints/Assets/Skybox.uasset is too old
[2025.03.28-02.27.41:699][  0]LogAssetRegistry: Error: Package ../../../../../DocsNaty/Documents/GitHub/MobileGame/PruebaMobileGame/Content/StarterContent/Blueprints/Assets/SM_Arrows.uasset is too old
[2025.03.28-02.27.41:699][  0]LogAssetRegistry: Error: Package ../../../../../DocsNaty/Documents/GitHub/MobileGame/PruebaMobileGame/Content/StarterContent/Blueprints/Assets/SunlightColorLUT.uasset is too old
[2025.03.28-02.27.41:699][  0]LogAssetRegistry: Error: Package ../../../../../DocsNaty/Documents/GitHub/MobileGame/PruebaMobileGame/Content/StarterContent/HDRI/HDRI_Epic_Courtyard_Daylight.uasset is too old
[2025.03.28-02.27.41:699][  0]LogAssetRegistry: Error: Package ../../../../../DocsNaty/Documents/GitHub/MobileGame/PruebaMobileGame/Content/StarterContent/Maps/Minimal_Default.umap is too old
[2025.03.28-02.27.41:699][  0]LogAssetRegistry: Error: Package ../../../../../DocsNaty/Documents/GitHub/MobileGame/PruebaMobileGame/Content/StarterContent/Maps/StarterMap.umap is too old
[2025.03.28-02.27.41:699][  0]LogAssetRegistry: Error: Package ../../../../../DocsNaty/Documents/GitHub/MobileGame/PruebaMobileGame/Content/StarterContent/Materials/M_AssetPlatform.uasset is too old
[2025.03.28-02.27.41:699][  0]LogAssetRegistry: Error: Package ../../../../../DocsNaty/Documents/GitHub/MobileGame/PruebaMobileGame/Content/StarterContent/Materials/M_Basic_Floor.uasset is too old
[2025.03.28-02.27.41:699][  0]LogAssetRegistry: Error: Package ../../../../../DocsNaty/Documents/GitHub/MobileGame/PruebaMobileGame/Content/StarterContent/Materials/M_Basic_Wall.uasset is too old
[2025.03.28-02.27.41:699][  0]LogAssetRegistry: Error: Package ../../../../../DocsNaty/Documents/GitHub/MobileGame/PruebaMobileGame/Content/StarterContent/Materials/M_Brick_Clay_Beveled.uasset is too old
[2025.03.28-02.27.41:699][  0]LogAssetRegistry: Error: Package ../../../../../DocsNaty/Documents/GitHub/MobileGame/PruebaMobileGame/Content/StarterContent/Materials/M_Brick_Clay_New.uasset is too old
[2025.03.28-02.27.41:699][  0]LogAssetRegistry: Error: Package ../../../../../DocsNaty/Documents/GitHub/MobileGame/PruebaMobileGame/Content/StarterContent/Materials/M_Brick_Clay_Old.uasset is too old
[2025.03.28-02.27.41:699][  0]LogAssetRegistry: Error: Package ../../../../../DocsNaty/Documents/GitHub/MobileGame/PruebaMobileGame/Content/StarterContent/Materials/M_Brick_Cut_Stone.uasset is too old
[2025.03.28-02.27.41:699][  0]LogAssetRegistry: Error: Package ../../../../../DocsNaty/Documents/GitHub/MobileGame/PruebaMobileGame/Content/StarterContent/Materials/M_Brick_Hewn_Stone.uasset is too old
[2025.03.28-02.27.41:699][  0]LogAssetRegistry: Error: Package ../../../../../DocsNaty/Documents/GitHub/MobileGame/PruebaMobileGame/Content/StarterContent/Materials/M_Ceramic_Tile_Checker.uasset is too old
[2025.03.28-02.27.41:699][  0]LogAssetRegistry: Error: Package ../../../../../DocsNaty/Documents/GitHub/MobileGame/PruebaMobileGame/Content/StarterContent/Materials/M_CobbleStone_Pebble.uasset is too old
[2025.03.28-02.27.41:699][  0]LogAssetRegistry: Error: Package ../../../../../DocsNaty/Documents/GitHub/MobileGame/PruebaMobileGame/Content/StarterContent/Materials/M_CobbleStone_Rough.uasset is too old
[2025.03.28-02.27.41:699][  0]LogAssetRegistry: Error: Package ../../../../../DocsNaty/Documents/GitHub/MobileGame/PruebaMobileGame/Content/StarterContent/Materials/M_CobbleStone_Smooth.uasset is too old
[2025.03.28-02.27.41:699][  0]LogAssetRegistry: Error: Package ../../../../../DocsNaty/Documents/GitHub/MobileGame/PruebaMobileGame/Content/StarterContent/Materials/M_ColorGrid_LowSpec.uasset is too old
[2025.03.28-02.27.41:699][  0]LogAssetRegistry: Error: Package ../../../../../DocsNaty/Documents/GitHub/MobileGame/PruebaMobileGame/Content/StarterContent/Materials/M_Concrete_Grime.uasset is too old
[2025.03.28-02.27.41:699][  0]LogAssetRegistry: Error: Package ../../../../../DocsNaty/Documents/GitHub/MobileGame/PruebaMobileGame/Content/StarterContent/Materials/M_Concrete_Panels.uasset is too old
[2025.03.28-02.27.41:699][  0]LogAssetRegistry: Error: Package ../../../../../DocsNaty/Documents/GitHub/MobileGame/PruebaMobileGame/Content/StarterContent/Materials/M_Concrete_Poured.uasset is too old
[2025.03.28-02.27.41:699][  0]LogAssetRegistry: Error: Package ../../../../../DocsNaty/Documents/GitHub/MobileGame/PruebaMobileGame/Content/StarterContent/Materials/M_Concrete_Tiles.uasset is too old
[2025.03.28-02.27.41:699][  0]LogAssetRegistry: Error: Package ../../../../../DocsNaty/Documents/GitHub/MobileGame/PruebaMobileGame/Content/StarterContent/Materials/M_Glass.uasset is too old
[2025.03.28-02.27.41:699][  0]LogAssetRegistry: Error: Package ../../../../../DocsNaty/Documents/GitHub/MobileGame/PruebaMobileGame/Content/StarterContent/Materials/M_Ground_Grass.uasset is too old
[2025.03.28-02.27.41:699][  0]LogAssetRegistry: Error: Package ../../../../../DocsNaty/Documents/GitHub/MobileGame/PruebaMobileGame/Content/StarterContent/Materials/M_Ground_Gravel.uasset is too old
[2025.03.28-02.27.41:699][  0]LogAssetRegistry: Error: Package ../../../../../DocsNaty/Documents/GitHub/MobileGame/PruebaMobileGame/Content/StarterContent/Materials/M_Ground_Moss.uasset is too old
[2025.03.28-02.27.41:699][  0]LogAssetRegistry: Error: Package ../../../../../DocsNaty/Documents/GitHub/MobileGame/PruebaMobileGame/Content/StarterContent/Materials/M_Metal_Brushed_Nickel.uasset is too old
[2025.03.28-02.27.41:699][  0]LogAssetRegistry: Error: Package ../../../../../DocsNaty/Documents/GitHub/MobileGame/PruebaMobileGame/Content/StarterContent/Materials/M_Metal_Burnished_Steel.uasset is too old
[2025.03.28-02.27.41:699][  0]LogAssetRegistry: Error: Package ../../../../../DocsNaty/Documents/GitHub/MobileGame/PruebaMobileGame/Content/StarterContent/Materials/M_Metal_Chrome.uasset is too old
[2025.03.28-02.27.41:699][  0]LogAssetRegistry: Error: Package ../../../../../DocsNaty/Documents/GitHub/MobileGame/PruebaMobileGame/Content/StarterContent/Materials/M_Metal_Copper.uasset is too old
[2025.03.28-02.27.41:699][  0]LogAssetRegistry: Error: Package ../../../../../DocsNaty/Documents/GitHub/MobileGame/PruebaMobileGame/Content/StarterContent/Materials/M_Metal_Gold.uasset is too old
[2025.03.28-02.27.41:699][  0]LogAssetRegistry: Error: Package ../../../../../DocsNaty/Documents/GitHub/MobileGame/PruebaMobileGame/Content/StarterContent/Materials/M_Metal_Rust.uasset is too old
[2025.03.28-02.27.41:699][  0]LogAssetRegistry: Error: Package ../../../../../DocsNaty/Documents/GitHub/MobileGame/PruebaMobileGame/Content/StarterContent/Materials/M_Metal_Steel.uasset is too old
[2025.03.28-02.27.41:699][  0]LogAssetRegistry: Error: Package ../../../../../DocsNaty/Documents/GitHub/MobileGame/PruebaMobileGame/Content/StarterContent/Materials/M_Rock_Basalt.uasset is too old
[2025.03.28-02.27.41:699][  0]LogAssetRegistry: Error: Package ../../../../../DocsNaty/Documents/GitHub/MobileGame/PruebaMobileGame/Content/StarterContent/Materials/M_Rock_Marble_Polished.uasset is too old
[2025.03.28-02.27.41:699][  0]LogAssetRegistry: Error: Package ../../../../../DocsNaty/Documents/GitHub/MobileGame/PruebaMobileGame/Content/StarterContent/Materials/M_Rock_Sandstone.uasset is too old
[2025.03.28-02.27.41:699][  0]LogAssetRegistry: Error: Package ../../../../../DocsNaty/Documents/GitHub/MobileGame/PruebaMobileGame/Content/StarterContent/Materials/M_Rock_Slate.uasset is too old
[2025.03.28-02.27.41:699][  0]LogAssetRegistry: Error: Package ../../../../../DocsNaty/Documents/GitHub/MobileGame/PruebaMobileGame/Content/StarterContent/Materials/M_Tech_Checker_Dot.uasset is too old
[2025.03.28-02.27.41:699][  0]LogAssetRegistry: Error: Package ../../../../../DocsNaty/Documents/GitHub/MobileGame/PruebaMobileGame/Content/StarterContent/Materials/M_Tech_Hex_Tile.uasset is too old
[2025.03.28-02.27.41:699][  0]LogAssetRegistry: Error: Package ../../../../../DocsNaty/Documents/GitHub/MobileGame/PruebaMobileGame/Content/StarterContent/Materials/M_Tech_Panel.uasset is too old
[2025.03.28-02.27.41:699][  0]LogAssetRegistry: Error: Package ../../../../../DocsNaty/Documents/GitHub/MobileGame/PruebaMobileGame/Content/StarterContent/Materials/M_Tech_Hex_Tile_Pulse.uasset is too old
[2025.03.28-02.27.41:699][  0]LogAssetRegistry: Error: Package ../../../../../DocsNaty/Documents/GitHub/MobileGame/PruebaMobileGame/Content/StarterContent/Materials/M_Water_Lake.uasset is too old
[2025.03.28-02.27.41:699][  0]LogAssetRegistry: Error: Package ../../../../../DocsNaty/Documents/GitHub/MobileGame/PruebaMobileGame/Content/StarterContent/Materials/M_Water_Ocean.uasset is too old
[2025.03.28-02.27.41:699][  0]LogAssetRegistry: Error: Package ../../../../../DocsNaty/Documents/GitHub/MobileGame/PruebaMobileGame/Content/StarterContent/Materials/M_Wood_Floor_Walnut_Polished.uasset is too old
[2025.03.28-02.27.41:699][  0]LogAssetRegistry: Error: Package ../../../../../DocsNaty/Documents/GitHub/MobileGame/PruebaMobileGame/Content/StarterContent/Materials/M_Wood_Oak.uasset is too old
[2025.03.28-02.27.41:699][  0]LogAssetRegistry: Error: Package ../../../../../DocsNaty/Documents/GitHub/MobileGame/PruebaMobileGame/Content/StarterContent/Materials/M_Wood_Floor_Walnut_Worn.uasset is too old
[2025.03.28-02.27.41:699][  0]LogAssetRegistry: Error: Package ../../../../../DocsNaty/Documents/GitHub/MobileGame/PruebaMobileGame/Content/StarterContent/Materials/M_Wood_Pine.uasset is too old
[2025.03.28-02.27.41:699][  0]LogAssetRegistry: Error: Package ../../../../../DocsNaty/Documents/GitHub/MobileGame/PruebaMobileGame/Content/StarterContent/Materials/M_Wood_Walnut.uasset is too old
[2025.03.28-02.27.41:699][  0]LogAssetRegistry: Error: Package ../../../../../DocsNaty/Documents/GitHub/MobileGame/PruebaMobileGame/Content/StarterContent/Particles/Materials/M_Burst.uasset is too old
[2025.03.28-02.27.41:699][  0]LogAssetRegistry: Error: Package ../../../../../DocsNaty/Documents/GitHub/MobileGame/PruebaMobileGame/Content/StarterContent/Particles/Materials/M_Dust_Particle.uasset is too old
[2025.03.28-02.27.41:699][  0]LogAssetRegistry: Error: Package ../../../../../DocsNaty/Documents/GitHub/MobileGame/PruebaMobileGame/Content/StarterContent/Particles/Materials/M_explosion_subUV.uasset is too old
[2025.03.28-02.27.41:699][  0]LogAssetRegistry: Error: Package ../../../../../DocsNaty/Documents/GitHub/MobileGame/PruebaMobileGame/Content/StarterContent/Particles/Materials/M_Fire_SubUV.uasset is too old
[2025.03.28-02.27.41:699][  0]LogAssetRegistry: Error: Package ../../../../../DocsNaty/Documents/GitHub/MobileGame/PruebaMobileGame/Content/StarterContent/Particles/Materials/m_flare_01.uasset is too old
[2025.03.28-02.27.41:699][  0]LogAssetRegistry: Error: Package ../../../../../DocsNaty/Documents/GitHub/MobileGame/PruebaMobileGame/Content/StarterContent/Particles/Materials/M_Heat_Distortion.uasset is too old
[2025.03.28-02.27.41:699][  0]LogAssetRegistry: Error: Package ../../../../../DocsNaty/Documents/GitHub/MobileGame/PruebaMobileGame/Content/StarterContent/Particles/Materials/M_Radial_Gradient.uasset is too old
[2025.03.28-02.27.41:699][  0]LogAssetRegistry: Error: Package ../../../../../DocsNaty/Documents/GitHub/MobileGame/PruebaMobileGame/Content/StarterContent/Particles/Materials/M_radial_ramp.uasset is too old
[2025.03.28-02.27.41:699][  0]LogAssetRegistry: Error: Package ../../../../../DocsNaty/Documents/GitHub/MobileGame/PruebaMobileGame/Content/StarterContent/Particles/Materials/M_smoke_subUV.uasset is too old
[2025.03.28-02.27.41:699][  0]LogAssetRegistry: Error: Package ../../../../../DocsNaty/Documents/GitHub/MobileGame/PruebaMobileGame/Content/StarterContent/Particles/Materials/M_Spark.uasset is too old
[2025.03.28-02.27.41:699][  0]LogAssetRegistry: Error: Package ../../../../../DocsNaty/Documents/GitHub/MobileGame/PruebaMobileGame/Content/StarterContent/Props/MaterialSphere.uasset is too old
[2025.03.28-02.27.41:699][  0]LogAssetRegistry: Error: Package ../../../../../DocsNaty/Documents/GitHub/MobileGame/PruebaMobileGame/Content/StarterContent/Props/SM_Bush.uasset is too old
[2025.03.28-02.27.41:699][  0]LogAssetRegistry: Error: Package ../../../../../DocsNaty/Documents/GitHub/MobileGame/PruebaMobileGame/Content/StarterContent/Props/SM_Chair.uasset is too old
[2025.03.28-02.27.41:700][  0]LogAssetRegistry: Error: Package ../../../../../DocsNaty/Documents/GitHub/MobileGame/PruebaMobileGame/Content/StarterContent/Props/SM_CornerFrame.uasset is too old
[2025.03.28-02.27.41:700][  0]LogAssetRegistry: Error: Package ../../../../../DocsNaty/Documents/GitHub/MobileGame/PruebaMobileGame/Content/StarterContent/Props/SM_Couch.uasset is too old
[2025.03.28-02.27.41:700][  0]LogAssetRegistry: Error: Package ../../../../../DocsNaty/Documents/GitHub/MobileGame/PruebaMobileGame/Content/StarterContent/Props/SM_Door.uasset is too old
[2025.03.28-02.27.41:700][  0]LogAssetRegistry: Error: Package ../../../../../DocsNaty/Documents/GitHub/MobileGame/PruebaMobileGame/Content/StarterContent/Props/SM_DoorFrame.uasset is too old
[2025.03.28-02.27.41:700][  0]LogAssetRegistry: Error: Package ../../../../../DocsNaty/Documents/GitHub/MobileGame/PruebaMobileGame/Content/StarterContent/Props/SM_GlassWindow.uasset is too old
[2025.03.28-02.27.41:700][  0]LogAssetRegistry: Error: Package ../../../../../DocsNaty/Documents/GitHub/MobileGame/PruebaMobileGame/Content/StarterContent/Props/SM_Lamp_Ceiling.uasset is too old
[2025.03.28-02.27.41:700][  0]LogAssetRegistry: Error: Package ../../../../../DocsNaty/Documents/GitHub/MobileGame/PruebaMobileGame/Content/StarterContent/Props/SM_Lamp_Wall.uasset is too old
[2025.03.28-02.27.41:700][  0]LogAssetRegistry: Error: Package ../../../../../DocsNaty/Documents/GitHub/MobileGame/PruebaMobileGame/Content/StarterContent/Props/SM_PillarFrame.uasset is too old
[2025.03.28-02.27.41:700][  0]LogAssetRegistry: Error: Package ../../../../../DocsNaty/Documents/GitHub/MobileGame/PruebaMobileGame/Content/StarterContent/Props/SM_PillarFrame300.uasset is too old
[2025.03.28-02.27.41:700][  0]LogAssetRegistry: Error: Package ../../../../../DocsNaty/Documents/GitHub/MobileGame/PruebaMobileGame/Content/StarterContent/Props/SM_Rock.uasset is too old
[2025.03.28-02.27.41:700][  0]LogAssetRegistry: Error: Package ../../../../../DocsNaty/Documents/GitHub/MobileGame/PruebaMobileGame/Content/StarterContent/Props/SM_Shelf.uasset is too old
[2025.03.28-02.27.41:700][  0]LogAssetRegistry: Error: Package ../../../../../DocsNaty/Documents/GitHub/MobileGame/PruebaMobileGame/Content/StarterContent/Props/SM_Stairs.uasset is too old
[2025.03.28-02.27.41:700][  0]LogAssetRegistry: Error: Package ../../../../../DocsNaty/Documents/GitHub/MobileGame/PruebaMobileGame/Content/StarterContent/Props/SM_Statue.uasset is too old
[2025.03.28-02.27.41:700][  0]LogAssetRegistry: Error: Package ../../../../../DocsNaty/Documents/GitHub/MobileGame/PruebaMobileGame/Content/StarterContent/Props/SM_TableRound.uasset is too old
[2025.03.28-02.27.41:700][  0]LogAssetRegistry: Error: Package ../../../../../DocsNaty/Documents/GitHub/MobileGame/PruebaMobileGame/Content/StarterContent/Props/SM_WindowFrame.uasset is too old
[2025.03.28-02.27.41:700][  0]LogAssetRegistry: Error: Package ../../../../../DocsNaty/Documents/GitHub/MobileGame/PruebaMobileGame/Content/StarterContent/Props/Materials/M_Bush.uasset is too old
[2025.03.28-02.27.41:700][  0]LogAssetRegistry: Error: Package ../../../../../DocsNaty/Documents/GitHub/MobileGame/PruebaMobileGame/Content/StarterContent/Props/Materials/M_Chair.uasset is too old
[2025.03.28-02.27.41:700][  0]LogAssetRegistry: Error: Package ../../../../../DocsNaty/Documents/GitHub/MobileGame/PruebaMobileGame/Content/StarterContent/Props/Materials/M_Door.uasset is too old
[2025.03.28-02.27.41:700][  0]LogAssetRegistry: Error: Package ../../../../../DocsNaty/Documents/GitHub/MobileGame/PruebaMobileGame/Content/StarterContent/Props/Materials/M_Frame.uasset is too old
[2025.03.28-02.27.41:700][  0]LogAssetRegistry: Error: Package ../../../../../DocsNaty/Documents/GitHub/MobileGame/PruebaMobileGame/Content/StarterContent/Props/Materials/M_Lamp.uasset is too old
[2025.03.28-02.27.41:700][  0]LogAssetRegistry: Error: Package ../../../../../DocsNaty/Documents/GitHub/MobileGame/PruebaMobileGame/Content/StarterContent/Props/Materials/M_Rock.uasset is too old
[2025.03.28-02.27.41:700][  0]LogAssetRegistry: Error: Package ../../../../../DocsNaty/Documents/GitHub/MobileGame/PruebaMobileGame/Content/StarterContent/Props/Materials/M_Shelf.uasset is too old
[2025.03.28-02.27.41:700][  0]LogAssetRegistry: Error: Package ../../../../../DocsNaty/Documents/GitHub/MobileGame/PruebaMobileGame/Content/StarterContent/Props/Materials/M_Statue.uasset is too old
[2025.03.28-02.27.41:700][  0]LogAssetRegistry: Error: Package ../../../../../DocsNaty/Documents/GitHub/MobileGame/PruebaMobileGame/Content/StarterContent/Props/Materials/M_StatueGlass.uasset is too old
[2025.03.28-02.27.41:700][  0]LogAssetRegistry: Error: Package ../../../../../DocsNaty/Documents/GitHub/MobileGame/PruebaMobileGame/Content/StarterContent/Props/Materials/M_TableRound.uasset is too old
[2025.03.28-02.27.41:700][  0]LogAssetRegistry: Error: Package ../../../../../DocsNaty/Documents/GitHub/MobileGame/PruebaMobileGame/Content/StarterContent/Shapes/Shape_Cone.uasset is too old
[2025.03.28-02.27.41:700][  0]LogAssetRegistry: Error: Package ../../../../../DocsNaty/Documents/GitHub/MobileGame/PruebaMobileGame/Content/StarterContent/Shapes/Shape_Cube.uasset is too old
[2025.03.28-02.27.41:700][  0]LogAssetRegistry: Error: Package ../../../../../DocsNaty/Documents/GitHub/MobileGame/PruebaMobileGame/Content/StarterContent/Shapes/Shape_Cylinder.uasset is too old
[2025.03.28-02.27.41:700][  0]LogAssetRegistry: Error: Package ../../../../../DocsNaty/Documents/GitHub/MobileGame/PruebaMobileGame/Content/StarterContent/Shapes/Shape_NarrowCapsule.uasset is too old
[2025.03.28-02.27.41:700][  0]LogAssetRegistry: Error: Package ../../../../../DocsNaty/Documents/GitHub/MobileGame/PruebaMobileGame/Content/StarterContent/Shapes/Shape_Pipe.uasset is too old
[2025.03.28-02.27.41:700][  0]LogAssetRegistry: Error: Package ../../../../../DocsNaty/Documents/GitHub/MobileGame/PruebaMobileGame/Content/StarterContent/Shapes/Shape_Pipe_180.uasset is too old
[2025.03.28-02.27.41:700][  0]LogAssetRegistry: Error: Package ../../../../../DocsNaty/Documents/GitHub/MobileGame/PruebaMobileGame/Content/StarterContent/Shapes/Shape_Pipe_90.uasset is too old
[2025.03.28-02.27.41:700][  0]LogAssetRegistry: Error: Package ../../../../../DocsNaty/Documents/GitHub/MobileGame/PruebaMobileGame/Content/StarterContent/Shapes/Shape_Plane.uasset is too old
[2025.03.28-02.27.41:700][  0]LogAssetRegistry: Error: Package ../../../../../DocsNaty/Documents/GitHub/MobileGame/PruebaMobileGame/Content/StarterContent/Shapes/Shape_QuadPyramid.uasset is too old
[2025.03.28-02.27.41:700][  0]LogAssetRegistry: Error: Package ../../../../../DocsNaty/Documents/GitHub/MobileGame/PruebaMobileGame/Content/StarterContent/Shapes/Shape_Sphere.uasset is too old
[2025.03.28-02.27.41:700][  0]LogAssetRegistry: Error: Package ../../../../../DocsNaty/Documents/GitHub/MobileGame/PruebaMobileGame/Content/StarterContent/Shapes/Shape_Torus.uasset is too old
[2025.03.28-02.27.41:700][  0]LogAssetRegistry: Error: Package ../../../../../DocsNaty/Documents/GitHub/MobileGame/PruebaMobileGame/Content/StarterContent/Shapes/Shape_Trim.uasset is too old
[2025.03.28-02.27.41:700][  0]LogAssetRegistry: Error: Package ../../../../../DocsNaty/Documents/GitHub/MobileGame/PruebaMobileGame/Content/StarterContent/Shapes/Shape_Trim_90_In.uasset is too old
[2025.03.28-02.27.41:700][  0]LogAssetRegistry: Error: Package ../../../../../DocsNaty/Documents/GitHub/MobileGame/PruebaMobileGame/Content/StarterContent/Shapes/Shape_Trim_90_Out.uasset is too old
[2025.03.28-02.27.41:700][  0]LogAssetRegistry: Error: Package ../../../../../DocsNaty/Documents/GitHub/MobileGame/PruebaMobileGame/Content/StarterContent/Shapes/Shape_TriPyramid.uasset is too old
[2025.03.28-02.27.41:700][  0]LogAssetRegistry: Error: Package ../../../../../DocsNaty/Documents/GitHub/MobileGame/PruebaMobileGame/Content/StarterContent/Shapes/Shape_Tube.uasset is too old
[2025.03.28-02.27.41:700][  0]LogAssetRegistry: Error: Package ../../../../../DocsNaty/Documents/GitHub/MobileGame/PruebaMobileGame/Content/StarterContent/Shapes/Shape_Wedge_A.uasset is too old
[2025.03.28-02.27.41:700][  0]LogAssetRegistry: Error: Package ../../../../../DocsNaty/Documents/GitHub/MobileGame/PruebaMobileGame/Content/StarterContent/Shapes/Shape_Wedge_B.uasset is too old
[2025.03.28-02.27.41:700][  0]LogAssetRegistry: Error: Package ../../../../../DocsNaty/Documents/GitHub/MobileGame/PruebaMobileGame/Content/StarterContent/Shapes/Shape_WideCapsule.uasset is too old
[2025.03.28-02.27.41:700][  0]LogAssetRegistry: Error: Package ../../../../../DocsNaty/Documents/GitHub/MobileGame/PruebaMobileGame/Content/StarterContent/Textures/T_Brick_Clay_Beveled_D.uasset is too old
[2025.03.28-02.27.41:700][  0]LogAssetRegistry: Error: Package ../../../../../DocsNaty/Documents/GitHub/MobileGame/PruebaMobileGame/Content/StarterContent/Textures/T_Brick_Clay_Beveled_M.uasset is too old
[2025.03.28-02.27.41:700][  0]LogAssetRegistry: Error: Package ../../../../../DocsNaty/Documents/GitHub/MobileGame/PruebaMobileGame/Content/StarterContent/Textures/T_Brick_Clay_Beveled_N.uasset is too old
[2025.03.28-02.27.41:700][  0]LogAssetRegistry: Error: Package ../../../../../DocsNaty/Documents/GitHub/MobileGame/PruebaMobileGame/Content/StarterContent/Textures/T_Brick_Clay_New_D.uasset is too old
[2025.03.28-02.27.41:700][  0]LogAssetRegistry: Error: Package ../../../../../DocsNaty/Documents/GitHub/MobileGame/PruebaMobileGame/Content/StarterContent/Textures/T_Brick_Clay_New_M.uasset is too old
[2025.03.28-02.27.41:700][  0]LogAssetRegistry: Error: Package ../../../../../DocsNaty/Documents/GitHub/MobileGame/PruebaMobileGame/Content/StarterContent/Textures/T_Brick_Clay_New_N.uasset is too old
[2025.03.28-02.27.41:700][  0]LogAssetRegistry: Error: Package ../../../../../DocsNaty/Documents/GitHub/MobileGame/PruebaMobileGame/Content/StarterContent/Textures/T_Brick_Clay_Old_D.uasset is too old
[2025.03.28-02.27.41:700][  0]LogAssetRegistry: Error: Package ../../../../../DocsNaty/Documents/GitHub/MobileGame/PruebaMobileGame/Content/StarterContent/Textures/T_Brick_Clay_Old_N.uasset is too old
[2025.03.28-02.27.41:700][  0]LogAssetRegistry: Error: Package ../../../../../DocsNaty/Documents/GitHub/MobileGame/PruebaMobileGame/Content/StarterContent/Textures/T_Brick_Cut_Stone_N.uasset is too old
[2025.03.28-02.27.41:700][  0]LogAssetRegistry: Error: Package ../../../../../DocsNaty/Documents/GitHub/MobileGame/PruebaMobileGame/Content/StarterContent/Textures/T_Brick_Cut_Stone_D.uasset is too old
[2025.03.28-02.27.41:700][  0]LogAssetRegistry: Error: Package ../../../../../DocsNaty/Documents/GitHub/MobileGame/PruebaMobileGame/Content/StarterContent/Textures/T_Brick_Hewn_Stone_D.uasset is too old
[2025.03.28-02.27.41:700][  0]LogAssetRegistry: Error: Package ../../../../../DocsNaty/Documents/GitHub/MobileGame/PruebaMobileGame/Content/StarterContent/Textures/T_Brick_Hewn_Stone_M.uasset is too old
[2025.03.28-02.27.41:700][  0]LogAssetRegistry: Error: Package ../../../../../DocsNaty/Documents/GitHub/MobileGame/PruebaMobileGame/Content/StarterContent/Textures/T_Brick_Hewn_Stone_N.uasset is too old
[2025.03.28-02.27.41:700][  0]LogAssetRegistry: Error: Package ../../../../../DocsNaty/Documents/GitHub/MobileGame/PruebaMobileGame/Content/StarterContent/Textures/T_Burst_M.uasset is too old
[2025.03.28-02.27.41:700][  0]LogAssetRegistry: Error: Package ../../../../../DocsNaty/Documents/GitHub/MobileGame/PruebaMobileGame/Content/StarterContent/Textures/T_Bush_D.uasset is too old
[2025.03.28-02.27.41:700][  0]LogAssetRegistry: Error: Package ../../../../../DocsNaty/Documents/GitHub/MobileGame/PruebaMobileGame/Content/StarterContent/Textures/T_Bush_N.uasset is too old
[2025.03.28-02.27.41:700][  0]LogAssetRegistry: Error: Package ../../../../../DocsNaty/Documents/GitHub/MobileGame/PruebaMobileGame/Content/StarterContent/Textures/T_Ceramic_Tile_M.uasset is too old
[2025.03.28-02.27.41:700][  0]LogAssetRegistry: Error: Package ../../../../../DocsNaty/Documents/GitHub/MobileGame/PruebaMobileGame/Content/StarterContent/Textures/T_Ceramic_Tile_N.uasset is too old
[2025.03.28-02.27.41:700][  0]LogAssetRegistry: Error: Package ../../../../../DocsNaty/Documents/GitHub/MobileGame/PruebaMobileGame/Content/StarterContent/Textures/T_Chair_M.uasset is too old
[2025.03.28-02.27.41:700][  0]LogAssetRegistry: Error: Package ../../../../../DocsNaty/Documents/GitHub/MobileGame/PruebaMobileGame/Content/StarterContent/Textures/T_Chair_N.uasset is too old
[2025.03.28-02.27.41:700][  0]LogAssetRegistry: Error: Package ../../../../../DocsNaty/Documents/GitHub/MobileGame/PruebaMobileGame/Content/StarterContent/Textures/T_Checker_Noise_M.uasset is too old
[2025.03.28-02.27.41:700][  0]LogAssetRegistry: Error: Package ../../../../../DocsNaty/Documents/GitHub/MobileGame/PruebaMobileGame/Content/StarterContent/Textures/T_CobbleStone_Pebble_D.uasset is too old
[2025.03.28-02.27.41:701][  0]LogAssetRegistry: Error: Package ../../../../../DocsNaty/Documents/GitHub/MobileGame/PruebaMobileGame/Content/StarterContent/Textures/T_CobbleStone_Pebble_M.uasset is too old
[2025.03.28-02.27.41:701][  0]LogAssetRegistry: Error: Package ../../../../../DocsNaty/Documents/GitHub/MobileGame/PruebaMobileGame/Content/StarterContent/Textures/T_CobbleStone_Pebble_N.uasset is too old
[2025.03.28-02.27.41:701][  0]LogAssetRegistry: Error: Package ../../../../../DocsNaty/Documents/GitHub/MobileGame/PruebaMobileGame/Content/StarterContent/Textures/T_CobbleStone_Rough_D.uasset is too old
[2025.03.28-02.27.41:701][  0]LogAssetRegistry: Error: Package ../../../../../DocsNaty/Documents/GitHub/MobileGame/PruebaMobileGame/Content/StarterContent/Textures/T_CobbleStone_Rough_N.uasset is too old
[2025.03.28-02.27.41:701][  0]LogAssetRegistry: Error: Package ../../../../../DocsNaty/Documents/GitHub/MobileGame/PruebaMobileGame/Content/StarterContent/Textures/T_CobbleStone_Smooth_D.uasset is too old
[2025.03.28-02.27.41:701][  0]LogAssetRegistry: Error: Package ../../../../../DocsNaty/Documents/GitHub/MobileGame/PruebaMobileGame/Content/StarterContent/Textures/T_CobbleStone_Smooth_M.uasset is too old
[2025.03.28-02.27.41:701][  0]LogAssetRegistry: Error: Package ../../../../../DocsNaty/Documents/GitHub/MobileGame/PruebaMobileGame/Content/StarterContent/Textures/T_CobbleStone_Smooth_N.uasset is too old
[2025.03.28-02.27.41:701][  0]LogAssetRegistry: Error: Package ../../../../../DocsNaty/Documents/GitHub/MobileGame/PruebaMobileGame/Content/StarterContent/Textures/T_Concrete_Grime_D.uasset is too old
[2025.03.28-02.27.41:701][  0]LogAssetRegistry: Error: Package ../../../../../DocsNaty/Documents/GitHub/MobileGame/PruebaMobileGame/Content/StarterContent/Textures/T_Concrete_Panels_D.uasset is too old
[2025.03.28-02.27.41:701][  0]LogAssetRegistry: Error: Package ../../../../../DocsNaty/Documents/GitHub/MobileGame/PruebaMobileGame/Content/StarterContent/Textures/T_Concrete_Panels_N.uasset is too old
[2025.03.28-02.27.41:701][  0]LogAssetRegistry: Error: Package ../../../../../DocsNaty/Documents/GitHub/MobileGame/PruebaMobileGame/Content/StarterContent/Textures/T_Concrete_Poured_N.uasset is too old
[2025.03.28-02.27.41:701][  0]LogAssetRegistry: Error: Package ../../../../../DocsNaty/Documents/GitHub/MobileGame/PruebaMobileGame/Content/StarterContent/Textures/T_Concrete_Poured_D.uasset is too old
[2025.03.28-02.27.41:701][  0]LogAssetRegistry: Error: Package ../../../../../DocsNaty/Documents/GitHub/MobileGame/PruebaMobileGame/Content/StarterContent/Textures/T_Concrete_Tiles_M.uasset is too old
[2025.03.28-02.27.41:701][  0]LogAssetRegistry: Error: Package ../../../../../DocsNaty/Documents/GitHub/MobileGame/PruebaMobileGame/Content/StarterContent/Textures/T_Concrete_Tiles_D.uasset is too old
[2025.03.28-02.27.41:701][  0]LogAssetRegistry: Error: Package ../../../../../DocsNaty/Documents/GitHub/MobileGame/PruebaMobileGame/Content/StarterContent/Textures/T_Concrete_Tiles_N.uasset is too old
[2025.03.28-02.27.41:701][  0]LogAssetRegistry: Error: Package ../../../../../DocsNaty/Documents/GitHub/MobileGame/PruebaMobileGame/Content/StarterContent/Textures/T_Concrete_Tiles_Variation_M.uasset is too old
[2025.03.28-02.27.41:701][  0]LogAssetRegistry: Error: Package ../../../../../DocsNaty/Documents/GitHub/MobileGame/PruebaMobileGame/Content/StarterContent/Textures/T_Door_M.uasset is too old
[2025.03.28-02.27.41:701][  0]LogAssetRegistry: Error: Package ../../../../../DocsNaty/Documents/GitHub/MobileGame/PruebaMobileGame/Content/StarterContent/Textures/T_Door_N.uasset is too old
[2025.03.28-02.27.41:701][  0]LogAssetRegistry: Error: Package ../../../../../DocsNaty/Documents/GitHub/MobileGame/PruebaMobileGame/Content/StarterContent/Textures/T_Detail_Rocky_N.uasset is too old
[2025.03.28-02.27.41:701][  0]LogAssetRegistry: Error: Package ../../../../../DocsNaty/Documents/GitHub/MobileGame/PruebaMobileGame/Content/StarterContent/Textures/T_Explosion_SubUV.uasset is too old
[2025.03.28-02.27.41:701][  0]LogAssetRegistry: Error: Package ../../../../../DocsNaty/Documents/GitHub/MobileGame/PruebaMobileGame/Content/StarterContent/Textures/T_Dust_Particle_D.uasset is too old
[2025.03.28-02.27.41:701][  0]LogAssetRegistry: Error: Package ../../../../../DocsNaty/Documents/GitHub/MobileGame/PruebaMobileGame/Content/StarterContent/Textures/T_Fire_SubUV.uasset is too old
[2025.03.28-02.27.41:701][  0]LogAssetRegistry: Error: Package ../../../../../DocsNaty/Documents/GitHub/MobileGame/PruebaMobileGame/Content/StarterContent/Textures/T_Fire_Tiled_D.uasset is too old
[2025.03.28-02.27.41:701][  0]LogAssetRegistry: Error: Package ../../../../../DocsNaty/Documents/GitHub/MobileGame/PruebaMobileGame/Content/StarterContent/Textures/T_Frame_M.uasset is too old
[2025.03.28-02.27.41:701][  0]LogAssetRegistry: Error: Package ../../../../../DocsNaty/Documents/GitHub/MobileGame/PruebaMobileGame/Content/StarterContent/Textures/T_Frame_N.uasset is too old
[2025.03.28-02.27.41:701][  0]LogAssetRegistry: Error: Package ../../../../../DocsNaty/Documents/GitHub/MobileGame/PruebaMobileGame/Content/StarterContent/Textures/T_Gradinet_01.uasset is too old
[2025.03.28-02.27.41:701][  0]LogAssetRegistry: Error: Package ../../../../../DocsNaty/Documents/GitHub/MobileGame/PruebaMobileGame/Content/StarterContent/Textures/T_Ground_Grass_D.uasset is too old
[2025.03.28-02.27.41:701][  0]LogAssetRegistry: Error: Package ../../../../../DocsNaty/Documents/GitHub/MobileGame/PruebaMobileGame/Content/StarterContent/Textures/T_Ground_Grass_N.uasset is too old
[2025.03.28-02.27.41:701][  0]LogAssetRegistry: Error: Package ../../../../../DocsNaty/Documents/GitHub/MobileGame/PruebaMobileGame/Content/StarterContent/Textures/T_Ground_Gravel_N.uasset is too old
[2025.03.28-02.27.41:701][  0]LogAssetRegistry: Error: Package ../../../../../DocsNaty/Documents/GitHub/MobileGame/PruebaMobileGame/Content/StarterContent/Textures/T_Ground_Gravel_D.uasset is too old
[2025.03.28-02.27.41:701][  0]LogAssetRegistry: Error: Package ../../../../../DocsNaty/Documents/GitHub/MobileGame/PruebaMobileGame/Content/StarterContent/Textures/T_ground_Moss_D.uasset is too old
[2025.03.28-02.27.41:701][  0]LogAssetRegistry: Error: Package ../../../../../DocsNaty/Documents/GitHub/MobileGame/PruebaMobileGame/Content/StarterContent/Textures/T_Ground_Moss_N.uasset is too old
[2025.03.28-02.27.41:701][  0]LogAssetRegistry: Error: Package ../../../../../DocsNaty/Documents/GitHub/MobileGame/PruebaMobileGame/Content/StarterContent/Textures/T_Lamp_M.uasset is too old
[2025.03.28-02.27.41:701][  0]LogAssetRegistry: Error: Package ../../../../../DocsNaty/Documents/GitHub/MobileGame/PruebaMobileGame/Content/StarterContent/Textures/T_Lamp_N.uasset is too old
[2025.03.28-02.27.41:701][  0]LogAssetRegistry: Error: Package ../../../../../DocsNaty/Documents/GitHub/MobileGame/PruebaMobileGame/Content/StarterContent/Textures/T_MacroVariation.uasset is too old
[2025.03.28-02.27.41:701][  0]LogAssetRegistry: Error: Package ../../../../../DocsNaty/Documents/GitHub/MobileGame/PruebaMobileGame/Content/StarterContent/Textures/T_Metal_Aluminum_D.uasset is too old
[2025.03.28-02.27.41:701][  0]LogAssetRegistry: Error: Package ../../../../../DocsNaty/Documents/GitHub/MobileGame/PruebaMobileGame/Content/StarterContent/Textures/T_Metal_Copper_D.uasset is too old
[2025.03.28-02.27.41:701][  0]LogAssetRegistry: Error: Package ../../../../../DocsNaty/Documents/GitHub/MobileGame/PruebaMobileGame/Content/StarterContent/Textures/T_Metal_Gold_D.uasset is too old
[2025.03.28-02.27.41:701][  0]LogAssetRegistry: Error: Package ../../../../../DocsNaty/Documents/GitHub/MobileGame/PruebaMobileGame/Content/StarterContent/Textures/T_Metal_Gold_N.uasset is too old
[2025.03.28-02.27.41:701][  0]LogAssetRegistry: Error: Package ../../../../../DocsNaty/Documents/GitHub/MobileGame/PruebaMobileGame/Content/StarterContent/Textures/T_Metal_Rust_D.uasset is too old
[2025.03.28-02.27.41:701][  0]LogAssetRegistry: Error: Package ../../../../../DocsNaty/Documents/GitHub/MobileGame/PruebaMobileGame/Content/StarterContent/Textures/T_Metal_Rust_N.uasset is too old
[2025.03.28-02.27.41:701][  0]LogAssetRegistry: Error: Package ../../../../../DocsNaty/Documents/GitHub/MobileGame/PruebaMobileGame/Content/StarterContent/Textures/T_Metal_Steel_D.uasset is too old
[2025.03.28-02.27.41:701][  0]LogAssetRegistry: Error: Package ../../../../../DocsNaty/Documents/GitHub/MobileGame/PruebaMobileGame/Content/StarterContent/Textures/T_Metal_Steel_N.uasset is too old
[2025.03.28-02.27.41:701][  0]LogAssetRegistry: Error: Package ../../../../../DocsNaty/Documents/GitHub/MobileGame/PruebaMobileGame/Content/StarterContent/Textures/T_RockMesh_M.uasset is too old
[2025.03.28-02.27.41:701][  0]LogAssetRegistry: Error: Package ../../../../../DocsNaty/Documents/GitHub/MobileGame/PruebaMobileGame/Content/StarterContent/Textures/T_Perlin_Noise_M.uasset is too old
[2025.03.28-02.27.41:701][  0]LogAssetRegistry: Error: Package ../../../../../DocsNaty/Documents/GitHub/MobileGame/PruebaMobileGame/Content/StarterContent/Textures/T_RockMesh_N.uasset is too old
[2025.03.28-02.27.41:701][  0]LogAssetRegistry: Error: Package ../../../../../DocsNaty/Documents/GitHub/MobileGame/PruebaMobileGame/Content/StarterContent/Textures/T_Rock_Basalt_D.uasset is too old
[2025.03.28-02.27.41:701][  0]LogAssetRegistry: Error: Package ../../../../../DocsNaty/Documents/GitHub/MobileGame/PruebaMobileGame/Content/StarterContent/Textures/T_Rock_Basalt_N.uasset is too old
[2025.03.28-02.27.41:701][  0]LogAssetRegistry: Error: Package ../../../../../DocsNaty/Documents/GitHub/MobileGame/PruebaMobileGame/Content/StarterContent/Textures/T_Rock_Marble_Polished_D.uasset is too old
[2025.03.28-02.27.41:701][  0]LogAssetRegistry: Error: Package ../../../../../DocsNaty/Documents/GitHub/MobileGame/PruebaMobileGame/Content/StarterContent/Textures/T_Rock_Sandstone_D.uasset is too old
[2025.03.28-02.27.41:701][  0]LogAssetRegistry: Error: Package ../../../../../DocsNaty/Documents/GitHub/MobileGame/PruebaMobileGame/Content/StarterContent/Textures/T_Rock_Sandstone_N.uasset is too old
[2025.03.28-02.27.41:701][  0]LogAssetRegistry: Error: Package ../../../../../DocsNaty/Documents/GitHub/MobileGame/PruebaMobileGame/Content/StarterContent/Textures/T_Rock_Slate_D.uasset is too old
[2025.03.28-02.27.41:701][  0]LogAssetRegistry: Error: Package ../../../../../DocsNaty/Documents/GitHub/MobileGame/PruebaMobileGame/Content/StarterContent/Textures/T_Rock_Slate_N.uasset is too old
[2025.03.28-02.27.41:701][  0]LogAssetRegistry: Error: Package ../../../../../DocsNaty/Documents/GitHub/MobileGame/PruebaMobileGame/Content/StarterContent/Textures/T_Rock_Smooth_Granite_D.uasset is too old
[2025.03.28-02.27.41:701][  0]LogAssetRegistry: Error: Package ../../../../../DocsNaty/Documents/GitHub/MobileGame/PruebaMobileGame/Content/StarterContent/Textures/T_Shelf_M.uasset is too old
[2025.03.28-02.27.41:701][  0]LogAssetRegistry: Error: Package ../../../../../DocsNaty/Documents/GitHub/MobileGame/PruebaMobileGame/Content/StarterContent/Textures/T_Shelf_N.uasset is too old
[2025.03.28-02.27.41:701][  0]LogAssetRegistry: Error: Package ../../../../../DocsNaty/Documents/GitHub/MobileGame/PruebaMobileGame/Content/StarterContent/Textures/T_Single_Tile_N.uasset is too old
[2025.03.28-02.27.41:701][  0]LogAssetRegistry: Error: Package ../../../../../DocsNaty/Documents/GitHub/MobileGame/PruebaMobileGame/Content/StarterContent/Textures/T_Smoke_SubUV.uasset is too old
[2025.03.28-02.27.41:701][  0]LogAssetRegistry: Error: Package ../../../../../DocsNaty/Documents/GitHub/MobileGame/PruebaMobileGame/Content/StarterContent/Textures/T_Smoke_Tiled_D.uasset is too old
[2025.03.28-02.27.41:701][  0]LogAssetRegistry: Error: Package ../../../../../DocsNaty/Documents/GitHub/MobileGame/PruebaMobileGame/Content/StarterContent/Textures/T_Spark_Core.uasset is too old
[2025.03.28-02.27.41:701][  0]LogAssetRegistry: Error: Package ../../../../../DocsNaty/Documents/GitHub/MobileGame/PruebaMobileGame/Content/StarterContent/Textures/T_Statue_M.uasset is too old
[2025.03.28-02.27.41:701][  0]LogAssetRegistry: Error: Package ../../../../../DocsNaty/Documents/GitHub/MobileGame/PruebaMobileGame/Content/StarterContent/Textures/T_Statue_N.uasset is too old
[2025.03.28-02.27.41:701][  0]LogAssetRegistry: Error: Package ../../../../../DocsNaty/Documents/GitHub/MobileGame/PruebaMobileGame/Content/StarterContent/Textures/T_TableRound_M.uasset is too old
[2025.03.28-02.27.41:701][  0]LogAssetRegistry: Error: Package ../../../../../DocsNaty/Documents/GitHub/MobileGame/PruebaMobileGame/Content/StarterContent/Textures/T_TableRound_N.uasset is too old
[2025.03.28-02.27.41:701][  0]LogAssetRegistry: Error: Package ../../../../../DocsNaty/Documents/GitHub/MobileGame/PruebaMobileGame/Content/StarterContent/Textures/T_Tech_Dot_N.uasset is too old
[2025.03.28-02.27.41:701][  0]LogAssetRegistry: Error: Package ../../../../../DocsNaty/Documents/GitHub/MobileGame/PruebaMobileGame/Content/StarterContent/Textures/T_Tech_Dot_M.uasset is too old
[2025.03.28-02.27.41:701][  0]LogAssetRegistry: Error: Package ../../../../../DocsNaty/Documents/GitHub/MobileGame/PruebaMobileGame/Content/StarterContent/Textures/T_Tech_Hex_Tile_M.uasset is too old
[2025.03.28-02.27.41:701][  0]LogAssetRegistry: Error: Package ../../../../../DocsNaty/Documents/GitHub/MobileGame/PruebaMobileGame/Content/StarterContent/Textures/T_Tech_Hex_Tile_N.uasset is too old
[2025.03.28-02.27.41:701][  0]LogAssetRegistry: Error: Package ../../../../../DocsNaty/Documents/GitHub/MobileGame/PruebaMobileGame/Content/StarterContent/Textures/T_Tech_Panel_M.uasset is too old
[2025.03.28-02.27.41:701][  0]LogAssetRegistry: Error: Package ../../../../../DocsNaty/Documents/GitHub/MobileGame/PruebaMobileGame/Content/StarterContent/Textures/T_Tech_Panel_N.uasset is too old
[2025.03.28-02.27.41:701][  0]LogAssetRegistry: Error: Package ../../../../../DocsNaty/Documents/GitHub/MobileGame/PruebaMobileGame/Content/StarterContent/Textures/T_Water_M.uasset is too old
[2025.03.28-02.27.41:701][  0]LogAssetRegistry: Error: Package ../../../../../DocsNaty/Documents/GitHub/MobileGame/PruebaMobileGame/Content/StarterContent/Textures/T_Water_N.uasset is too old
[2025.03.28-02.27.41:701][  0]LogAssetRegistry: Error: Package ../../../../../DocsNaty/Documents/GitHub/MobileGame/PruebaMobileGame/Content/StarterContent/Textures/T_Wood_Floor_Walnut_D.uasset is too old
[2025.03.28-02.27.41:701][  0]LogAssetRegistry: Error: Package ../../../../../DocsNaty/Documents/GitHub/MobileGame/PruebaMobileGame/Content/StarterContent/Textures/T_Wood_Floor_Walnut_M.uasset is too old
[2025.03.28-02.27.41:701][  0]LogAssetRegistry: Error: Package ../../../../../DocsNaty/Documents/GitHub/MobileGame/PruebaMobileGame/Content/StarterContent/Textures/T_Wood_Floor_Walnut_N.uasset is too old
[2025.03.28-02.27.41:701][  0]LogAssetRegistry: Error: Package ../../../../../DocsNaty/Documents/GitHub/MobileGame/PruebaMobileGame/Content/StarterContent/Textures/T_Wood_Oak_D.uasset is too old
[2025.03.28-02.27.41:701][  0]LogAssetRegistry: Error: Package ../../../../../DocsNaty/Documents/GitHub/MobileGame/PruebaMobileGame/Content/StarterContent/Textures/T_Wood_Oak_N.uasset is too old
[2025.03.28-02.27.41:701][  0]LogAssetRegistry: Error: Package ../../../../../DocsNaty/Documents/GitHub/MobileGame/PruebaMobileGame/Content/StarterContent/Textures/T_Wood_Pine_D.uasset is too old
[2025.03.28-02.27.41:702][  0]LogAssetRegistry: Error: Package ../../../../../DocsNaty/Documents/GitHub/MobileGame/PruebaMobileGame/Content/StarterContent/Textures/T_Wood_Pine_N.uasset is too old
[2025.03.28-02.27.41:702][  0]LogAssetRegistry: Error: Package ../../../../../DocsNaty/Documents/GitHub/MobileGame/PruebaMobileGame/Content/StarterContent/Textures/T_Wood_Walnut_D.uasset is too old
[2025.03.28-02.27.41:702][  0]LogAssetRegistry: Error: Package ../../../../../DocsNaty/Documents/GitHub/MobileGame/PruebaMobileGame/Content/StarterContent/Textures/T_Wood_Walnut_N.uasset is too old
[2025.03.28-02.27.41:702][  0]LogAssetRegistry: Error: Package ../../../../../DocsNaty/Documents/GitHub/MobileGame/PruebaMobileGame/Content/ThirdPerson/Blueprints/BP_ThirdPersonCharacter.uasset is too old
[2025.03.28-02.27.41:702][  0]LogAssetRegistry: Error: Package ../../../../../DocsNaty/Documents/GitHub/MobileGame/PruebaMobileGame/Content/ThirdPerson/Blueprints/BP_ThirdPersonGameMode.uasset is too old
[2025.03.28-02.27.41:702][  0]LogAssetRegistry: Error: Package ../../../../../DocsNaty/Documents/GitHub/MobileGame/PruebaMobileGame/Content/ThirdPerson/Input/IMC_Default.uasset is too old
[2025.03.28-02.27.41:702][  0]LogAssetRegistry: Error: Package ../../../../../DocsNaty/Documents/GitHub/MobileGame/PruebaMobileGame/Content/ThirdPerson/Input/Actions/IA_Jump.uasset is too old
[2025.03.28-02.27.41:702][  0]LogAssetRegistry: Error: Package ../../../../../DocsNaty/Documents/GitHub/MobileGame/PruebaMobileGame/Content/ThirdPerson/Input/Actions/IA_Look.uasset is too old
[2025.03.28-02.27.41:702][  0]LogAssetRegistry: Error: Package ../../../../../DocsNaty/Documents/GitHub/MobileGame/PruebaMobileGame/Content/ThirdPerson/Input/Actions/IA_Move.uasset is too old
[2025.03.28-02.27.41:702][  0]LogAssetRegistry: Error: Package ../../../../../DocsNaty/Documents/GitHub/MobileGame/PruebaMobileGame/Content/ThirdPerson/Maps/ThirdPersonMap.umap is too old
[2025.03.28-02.27.41:702][  0]LogAssetRegistry: Error: Package ../../../../../DocsNaty/Documents/GitHub/MobileGame/PruebaMobileGame/Content/__ExternalObjects__/ThirdPerson/Maps/ThirdPersonMap/4/VW/TY7TSUER9KKGHX2BMKSL0L.uasset is too old
[2025.03.28-02.27.41:702][  0]LogAssetRegistry: Error: Package ../../../../../DocsNaty/Documents/GitHub/MobileGame/PruebaMobileGame/Content/__ExternalObjects__/ThirdPerson/Maps/ThirdPersonMap/6/D8/3MZ6M1DB94VN44C87D65WR.uasset is too old
[2025.03.28-02.27.41:702][  0]LogAssetRegistry: Error: Package ../../../../../DocsNaty/Documents/GitHub/MobileGame/PruebaMobileGame/Content/__ExternalObjects__/ThirdPerson/Maps/ThirdPersonMap/6/TK/PIQ0B2FNWR15P52TECP27A.uasset is too old
[2025.03.28-02.27.41:702][  0]LogAssetRegistry: Error: Package ../../../../../DocsNaty/Documents/GitHub/MobileGame/PruebaMobileGame/Content/__ExternalObjects__/ThirdPerson/Maps/ThirdPersonMap/C/7N/FDH7Y28CQFXDK8P6MM1HXM.uasset is too old
[2025.03.28-02.27.41:702][  0]LogAssetRegistry: Error: Package ../../../../../DocsNaty/Documents/GitHub/MobileGame/PruebaMobileGame/Content/__ExternalObjects__/ThirdPerson/Maps/ThirdPersonMap/9/KN/KHZG97SS6AL73U7AXDWH6J.uasset is too old
[2025.03.28-02.27.41:702][  0]LogAssetRegistry: Error: Package ../../../../../DocsNaty/Documents/GitHub/MobileGame/PruebaMobileGame/Content/__ExternalObjects__/ThirdPerson/Maps/ThirdPersonMap/E/GP/22PD314FCWY4ZK61DE3XZC.uasset is too old
[2025.03.28-02.27.41:702][  0]LogInit: Selected Device Profile: [Windows]
[2025.03.28-02.27.41:702][  0]LogInit: Active device profile: [0000020FDC37FC00][0000020FDA4BF480 49] Windows
[2025.03.28-02.27.41:702][  0]LogInit: Profiles: [0000020FDC37FC00][0000020FDA4BF480 49] Windows, [0000020FDC338500][0000020FDA4C7600 49] WindowsNoEditor, [0000020FDC37C500][0000020FDA4CB780 49] WindowsServer, [0000020FDC33B500][0000020FDA4CF900 49] WindowsClient, [0000020FDC37F300][0000020FDA4D3A80 49] IOS, [0000020FDC338F00][0000020FDA4D7C00 49] iPadAir, [0000020FDC37CE00][0000020FDA4DA200 49] iPadAir2, [0000020FDC2C0400][0000020FDA4E84C0 49] IPadPro, [0000020FDC2C0500][0000020FDA4DE500 49] iPadAir3, [0000020FDC37ED00][0000020FDA4C2640 49] iPadAir4, [0000020FDC2C3800][0000020FDA4F2780 49] iPadMini2, [0000020FDC37D300][0000020FDA4F68C0 49] iPadMini3, [0000020FDC2C1500][0000020FDA4FEA40 49] iPadMini4, [0000020FDC37E500][0000020FDA502BC0 49] iPadMini5, [0000020FDC267C00][0000020FDA50AE80 49] iPhone6, [0000020FDC267D00][0000020FDA506EC0 49] iPodTouch6, [0000020FDC2C3200][0000020FDA5C7180 49] iPhone7, [0000020FDC2C3100][0000020FDA5C31C0 49] iPodTouch7, [0000020FDC264A00][0000020FDA5CB340 49] iPhone5S, [0000020FDC2C0A00][0000020FDA5CF4C0 49] iPhone6Plus, [0000020FDC266F00][0000020FDA5D3640 49] iPhone6S, [0000020FDC2C3B00][0000020FDA5D77C0 49] iPhone6SPlus, [0000020FDC265200][0000020FDA5DB940 49] iPhone7Plus, [0000020FDC2C0100][0000020FDA5DFAC0 49] iPhoneSE, [0000020FDC266700][0000020FDA5E20C0 49] iPhone8, [0000020FDC2C1900][0000020FDA5E6240 49] iPhone8Plus, [0000020FDC265A00][0000020FDA5EA3C0 49] iPhoneX, [0000020FDC2C3C00][0000020FD9E22540 49] iPhoneXS, [0000020FDC267F00][0000020FD9E266C0 49] iPhoneXSMax, [0000020FDC2C2E00][0000020FDA4FA800 49] iPhoneXR, [0000020FDC265D00][0000020FD9E2A940 49] iPhone11, [0000020FDC2C2D00][0000020FD9E2EA80 49] iPhone11Pro, [0000020FDC267B00][0000020FD9E32BC0 49] iPhone11ProMax, [0000020FDC2C3000][0000020FD9E3AD40 49] iPhoneSE2, [0000020FDC266400][0000020FD9E3EEC0 49] iPhone12Mini, [0000020FDC2C1B00][0000020FD9E43040 49] iPhone12, [0000020FDC265C00][0000020FD9E471C0 49] iPhone12Pro, [0000020FDC2C2800][0000020FD9E4B340 49] iPhone12ProMax, [0000020FDC265500][0000020FD9E4F4C0 49] iPadPro105, [0000020FDC2C3300][0000020FD9E53640 49] iPadPro129, [0000020FDC265800][0000020FD9E577C0 49] iPadPro97, [0000020FDC2C1400][0000020FD9E5B940 49] iPadPro2_129, [0000020FDC265E00][0000020FD9E5FAC0 49] iPad5, [0000020FDC2C3400][0000020FD9E620C0 49] iPad6, [0000020FDC266100][0000020FD9E66240 49] iPad7, [0000020FDC2C2600][0000020FD9E6A3C0 49] iPad8, [0000020FDC267900][0000020FD9E6E540 49] iPadPro11, [0000020FDC2C3F00][0000020FD9E726C0 49] iPadPro2_11, [0000020FDC267500][0000020FD9F1C840 49] iPadPro3_129, [0000020FDC2C2500][0000020FD9E36980 49] iPadPro4_129, [0000020FDC266800][0000020FD9824AC0 49] AppleTV, [0000020FDC2C3E00][0000020FD9828C00 49] AppleTV4K, [0000020FDC267A00][0000020FD982CD40 49] TVOS, [0000020FDC2C1C00][0000020FD9838EC0 49] Mac, [0000020FDC266300][0000020FD983D040 49] MacClient, [0000020FDC2C2B00][0000020FD98411C0 49] MacNoEditor, [0000020FDC266D00][0000020FD9845340 49] MacServer, [0000020FDC2C0D00][0000020FD98494C0 49] Linux, [0000020FDC264D00][0000020FD984D640 49] LinuxAArch64, [0000020FDC2C1E00][0000020FD98517C0 49] LinuxNoEditor, [0000020FDC265000][0000020FD9855940 49] LinuxAArch64NoEditor, [0000020FDC2C2000][0000020FD9859AC0 49] LinuxClient, [0000020FDC265600][0000020FD98700C0 49] LinuxAArch64Client, [0000020FDC2C0800][0000020FD9874240 49] LinuxServer, [0000020FDC267300][0000020FD987C3C0 49] LinuxAArch64Server, [0000020FDC2C0700][0000020FD9880540 49] Android, [0000020FDC33AC00][0000020FD98846C0 49] Android_Low, [0000020FDC40C100][0000020FD9888840 49] Android_Mid, [0000020FDC33AE00][0000020FD988C9C0 49] Android_High, [0000020FDC40E900][0000020FD9890B40 49] Android_Default, [0000020FDC33AF00][0000020FD9834C80 49] Android_Adreno4xx, [0000020FDC40C900][0000020FD9894DC0 49] Android_Adreno5xx_Low, [0000020FDC33A000][0000020FD9898F00 49] Android_Adreno5xx, [0000020FDC40E400][0000020FD98A1080 49] Android_Adreno6xx, [0000020FDC339000][0000020FD98A5200 49] Android_Adreno6xx_Vulkan, [0000020FDC40CE00][0000020FD98A9380 49] Android_Mali_T6xx, [0000020FDC339800][0000020FD98AD500 49] Android_Mali_T7xx, [0000020FDC40D300][0000020FD98B5680 49] Android_Mali_T8xx, [0000020FDC338700][0000020FD91B9800 49] Android_Mali_G71, [0000020FDC40DA00][0000020FD91C1980 49] Android_Mali_G72, [0000020FDC339A00][0000020FD91C9B00 49] Android_Mali_G72_Vulkan, [0000020FDC40CF00][0000020FD91CC100 49] Android_Mali_G76, [0000020FDC338300][0000020FD92AC280 49] Android_Mali_G76_Vulkan, [0000020FDC40D400][0000020FD92B0400 49] Android_Mali_G77, [0000020FDC33AA00][0000020FD92B4580 49] Android_Mali_G77_Vulkan, [0000020FDC40DE00][0000020FD92B8700 49] Android_Mali_G78, [0000020FDC33A600][0000020FD92BC880 49] Android_Mali_G78_Vulkan, [0000020FDC40E000][0000020FD92CCA00 49] Android_Mali_G710, [0000020FDC33B800][0000020FD92D0B80 49] Android_Mali_G710_Vulkan, [0000020FDC40C500][0000020FD92D4D00 49] Android_Vulkan_SM5, [0000020FDC338400][0000020FD989CE40 49] Android_PowerVR_G6xxx, [0000020FDC40D100][0000020FD92D8F80 49] Android_PowerVR_GT7xxx, [0000020FDC2C3500][0000020FD92DD0C0 49] Android_PowerVR_GE8xxx, [0000020FDC40DD00][0000020FD94E9240 49] Android_PowerVR_GM9xxx, [0000020FDC2C1000][0000020FD94ED3C0 49] Android_PowerVR_GM9xxx_Vulkan, [0000020FDC40C300][0000020FD952D540 49] Android_TegraK1, [0000020FDC2C1100][0000020FD95356C0 49] Android_Unknown_Vulkan, [0000020FDC40E100][0000020FD9541840 49] Lumin, [0000020FDC2C2100][0000020FD954D9C0 49] Lumin_Desktop, [0000020FDC40EC00][0000020FD9551B40 49] HoloLens, 
[2025.03.28-02.27.41:881][  0]LogMaterial: Display: Missing cached shadermap for MatineeCam_mat in PCD3D_SM5, Default, SM5 (DDC key hash: 3C0656A566496A54D8A603CECACC612A244820CB), compiling. 
[2025.03.28-02.27.41:915][  0]LogShaderCompilers: Display: Submitted 11 shader compile jobs with 'Low' priority
[2025.03.28-02.27.41:975][  0]LogMeshReduction: Using QuadricMeshReduction for automatic static mesh reduction
[2025.03.28-02.27.41:975][  0]LogMeshReduction: Using SimplygonMeshReduction for automatic skeletal mesh reduction
[2025.03.28-02.27.41:975][  0]LogMeshReduction: Using ProxyLODMeshReduction for automatic mesh merging
[2025.03.28-02.27.41:975][  0]LogMeshReduction: No distributed automatic mesh merging module available
[2025.03.28-02.27.41:975][  0]LogMeshMerging: No distributed automatic mesh merging module available
[2025.03.28-02.27.42:323][  0]LogMeshUtilities: Finished distance field build in 0.1s - 28x14x16 distance field, 4528 triangles, Range [-0.1, 0.6], MatineeCam_SM
[2025.03.28-02.27.42:323][  0]LogNetVersion: PruebaMobileGame 1.0.0, NetCL: 17155196, EngineNetVer: 17, GameNetVer: 0 (Checksum: 2965475642)
[2025.03.28-02.27.42:367][  0]LogMaterial: Display: Missing cached shadermap for HelpActorMaterial in PCD3D_SM5, Default, SM5 (DDC key hash: D6C0322771EBA374BA25A2C1FD855D47EE835F8F), compiling. 
[2025.03.28-02.27.42:476][  0]LogShaderCompilers: Display: Submitted 76 shader compile jobs with 'Low' priority
[2025.03.28-02.27.42:511][  0]LogMaterial: Display: Missing cached shadermap for M_ChromeBall in PCD3D_SM5, Default, SM5 (DDC key hash: C657C0C07A4CA0C8C377CBAB22E083E6FE4337CF), compiling. 
[2025.03.28-02.27.42:550][  0]LogShaderCompilers: Display: Submitted 29 shader compile jobs with 'Low' priority
[2025.03.28-02.27.42:554][  0]LogObj: Error: LoadConfig (/Script/Engine.Default__RendererSettings): import failed for bEnableAlphaChannelInPostProcessing in: False
[2025.03.28-02.27.42:563][  0]LogMaterial: Display: Missing cached shadermap for DefaultTextMaterialOpaque in PCD3D_SM5, Default, SM5 (DDC key hash: 38857EB61509C6B396504AC41D20C4B8D4DB7F53), compiling. 
[2025.03.28-02.27.42:599][  0]LogShaderCompilers: Display: Submitted 29 shader compile jobs with 'Low' priority
[2025.03.28-02.27.42:661][  0]LogMaterial: Display: Missing cached shadermap for m_SimpleVolumetricCloud in PCD3D_SM5, Default, SM5 (DDC key hash: 4CC7E62798C196301D63AF494F95AAC187F5B082), compiling. 
[2025.03.28-02.27.42:775][  0]LogShaderCompilers: Display: Submitted 46 shader compile jobs with 'Low' priority
[2025.03.28-02.27.42:792][  0]LogMaterial: Display: Missing cached shadermap for BaseFlattenMaterial in PCD3D_SM5, Default, SM5 (DDC key hash: E605701AD79136C136B723DCBCD5D65F908343BE), compiling. 
[2025.03.28-02.27.42:841][  0]LogShaderCompilers: Display: Submitted 36 shader compile jobs with 'Low' priority
[2025.03.28-02.27.45:563][  0]LogShaderCompilers: Display: Worker (3/9): shaders left to compile 3528
[2025.03.28-02.27.45:563][  0]LogShaderCompilers: Display: Started 10 'Local' shader compile jobs with 'High' priority
[2025.03.28-02.27.45:563][  0]LogShaderCompilers: Display: Worker (2/9): shaders left to compile 3518
[2025.03.28-02.27.45:563][  0]LogShaderCompilers: Display: Started 10 'Local' shader compile jobs with 'High' priority
[2025.03.28-02.27.45:563][  0]LogShaderCompilers: Display: Worker (4/9): shaders left to compile 3508
[2025.03.28-02.27.45:563][  0]LogShaderCompilers: Display: Started 10 'Local' shader compile jobs with 'High' priority
[2025.03.28-02.27.45:563][  0]LogMeshUtilities: Finished distance field build in 2.1s - 64x64x64 distance field, 528 triangles, Range [-0.6, 1.0], Sphere
[2025.03.28-02.27.45:563][  0]LogShaderCompilers: Display: Worker (6/9): shaders left to compile 3498
[2025.03.28-02.27.45:563][  0]LogShaderCompilers: Display: Started 10 'Local' shader compile jobs with 'High' priority
[2025.03.28-02.27.45:563][  0]LogShaderCompilers: Display: Worker (7/9): shaders left to compile 3488
[2025.03.28-02.27.45:563][  0]LogShaderCompilers: Display: Started 10 'Local' shader compile jobs with 'High' priority
[2025.03.28-02.27.45:563][  0]LogShaderCompilers: Display: Worker (5/9): shaders left to compile 3478
[2025.03.28-02.27.45:563][  0]LogShaderCompilers: Display: Started 10 'Local' shader compile jobs with 'High' priority
[2025.03.28-02.27.45:563][  0]LogShaderCompilers: Display: Worker (8/9): shaders left to compile 3468
[2025.03.28-02.27.45:563][  0]LogShaderCompilers: Display: Started 10 'Local' shader compile jobs with 'High' priority
[2025.03.28-02.27.45:563][  0]LogShaderCompilers: Display: Worker (9/9): shaders left to compile 3458
[2025.03.28-02.27.45:563][  0]LogShaderCompilers: Display: Started 10 'Local' shader compile jobs with 'High' priority
[2025.03.28-02.27.45:563][  0]LogMeshUtilities: Finished distance field build in 1.0s - 64x64x40 distance field, 2048 triangles, Range [-0.0, 1.0], PlanarReflectionPlane
[2025.03.28-02.27.45:563][  0]LogMaterial: Display: Missing cached shadermap for Xray in PCD3D_SM5, Default, SM5 (DDC key hash: 40B84FE6287582AB8D45FE48DB824839C8B7A293), compiling. 
[2025.03.28-02.27.45:576][  0]LogShaderCompilers: Display: Submitted 11 shader compile jobs with 'Low' priority
[2025.03.28-02.27.45:577][  0]LogMaterial: Display: Missing cached shadermap for Main in PCD3D_SM5, Default, SM5 (DDC key hash: F395C33BFDB0BAA91C20C944AF7D6819F45F433A), compiling. 
[2025.03.28-02.27.45:590][  0]LogShaderCompilers: Display: Submitted 16 shader compile jobs with 'Low' priority
[2025.03.28-02.27.45:600][  0]LogMaterial: Display: Missing cached shadermap for Widget3DPassThrough in PCD3D_SM5, Default, SM5 (DDC key hash: 3F5B440545DB9CCC8B9434A02DB15E603460E1EF), compiling. 
[2025.03.28-02.27.45:623][  0]LogShaderCompilers: Display: Submitted 16 shader compile jobs with 'Low' priority
[2025.03.28-02.27.45:625][  0]LogMaterial: Display: Missing cached shadermap for Widget3DPassThrough_Translucent in PCD3D_SM5, Default, SM5 (DDC key hash: 372CECF0040D8EB6CDE8DE63F6BB57347FA66600), compiling. 
[2025.03.28-02.27.45:640][  0]LogMeshUtilities: Finished distance field build in 0.0s - 9x19x14 distance field, 664 triangles, Range [-0.3, 0.8], SM_Sequencer_Key
[2025.03.28-02.27.45:640][  0]LogShaderCompilers: Display: Submitted 18 shader compile jobs with 'Low' priority
[2025.03.28-02.27.45:646][  0]LogMaterial: Display: Missing cached shadermap for Widget3DPassThrough_Opaque in PCD3D_SM5, Default, SM5 (DDC key hash: 4060F47C04D26F1F8649A06AAA032CA0C89AE7BF), compiling. 
[2025.03.28-02.27.45:662][  0]LogShaderCompilers: Display: Submitted 15 shader compile jobs with 'Low' priority
[2025.03.28-02.27.45:665][  0]LogMaterial: Display: Missing cached shadermap for Widget3DPassThrough_Opaque_OneSided in PCD3D_SM5, Default, SM5 (DDC key hash: 382CCEC059500E4AE5645806C9782E2ECAA1355E), compiling. 
[2025.03.28-02.27.45:675][  0]LogShaderCompilers: Display: Submitted 10 shader compile jobs with 'Low' priority
[2025.03.28-02.27.45:678][  0]LogMaterial: Display: Missing cached shadermap for Widget3DPassThrough_Masked in PCD3D_SM5, Default, SM5 (DDC key hash: EE988768F2FBA7672703CD8C9D6292C35B81BB94), compiling. 
[2025.03.28-02.27.45:703][  0]LogShaderCompilers: Display: Submitted 28 shader compile jobs with 'Low' priority
[2025.03.28-02.27.45:705][  0]LogMaterial: Display: Missing cached shadermap for Widget3DPassThrough_Masked_OneSided in PCD3D_SM5, Default, SM5 (DDC key hash: 335074D1D10AAF9687A624B30F15591267A65548), compiling. 
[2025.03.28-02.27.45:729][  0]LogShaderCompilers: Display: Submitted 28 shader compile jobs with 'Low' priority
[2025.03.28-02.27.45:738][  0]LogMaterial: Display: Missing cached shadermap for Widget3DCameraPassThrough_Opaque_OneSided in PCD3D_SM5, Default, SM5 (DDC key hash: 7B7E85412FEF785A1DDE3E120A7E46C401211BCD), compiling. 
[2025.03.28-02.27.45:747][  0]LogShaderCompilers: Display: Submitted 10 shader compile jobs with 'Low' priority
[2025.03.28-02.27.45:755][  0]LogMaterial: Display: Missing cached shadermap for TranslucentTransformGizmoMaterial in PCD3D_SM5, Default, SM5 (DDC key hash: BAFAED1FA05A5EFEF0A0DED10085D1D6969117C8), compiling. 
[2025.03.28-02.27.45:770][  0]LogShaderCompilers: Display: Submitted 16 shader compile jobs with 'Low' priority
[2025.03.28-02.27.45:771][  0]LogMaterial: Display: Missing cached shadermap for TransformGizmoMaterial in PCD3D_SM5, Default, SM5 (DDC key hash: 2359A16B0691378F0BA796DA66F905D119F99FEF), compiling. 
[2025.03.28-02.27.45:782][  0]LogShaderCompilers: Display: Submitted 10 shader compile jobs with 'Low' priority
[2025.03.28-02.27.45:793][  0]LogMaterial: Display: Missing cached shadermap for CineMat in PCD3D_SM5, Default, SM5 (DDC key hash: 6A70EB0B8D9EEEDDBED78BCA7FC4EDFB2FC82478), compiling. 
[2025.03.28-02.27.45:808][  0]LogMeshUtilities: Finished distance field build in 0.0s - 8x8x8 distance field, 56 triangles, Range [-0.0, 0.3], BoundingBoxEdge
[2025.03.28-02.27.45:808][  0]LogMeshUtilities: Finished distance field build in 0.0s - 8x8x8 distance field, 172 triangles, Range [-0.0, 1.0], BoundingBoxCorner
[2025.03.28-02.27.45:808][  0]LogShaderCompilers: Display: Submitted 18 shader compile jobs with 'Low' priority
[2025.03.28-02.27.45:821][  0]LogMeshUtilities: Finished distance field build in 0.0s - 8x8x8 distance field, 120 triangles, Range [-0.0, 0.4], PlaneTranslationHandle
[2025.03.28-02.27.45:821][  0]LogMaterial: Display: Missing cached shadermap for M_SimpleOpaque in PCD3D_SM5, Default, SM5 (DDC key hash: 2AF95867D030BABEF2317961E92C9E081180D3ED), compiling. 
[2025.03.28-02.27.45:831][  0]LogMeshUtilities: Finished distance field build in 0.0s - 14x8x14 distance field, 12 triangles, Range [-0.3, 0.4], SM_CraneRig_Arm
[2025.03.28-02.27.45:831][  0]LogShaderCompilers: Display: Submitted 11 shader compile jobs with 'Low' priority
[2025.03.28-02.27.45:850][  0]LogMeshUtilities: Finished distance field build in 0.0s - 10x17x8 distance field, 1672 triangles, Range [-0.1, 0.5], SM_RailRig_Mount
[2025.03.28-02.27.45:850][  0]LogMaterial: Display: Missing cached shadermap for M_SimpleUnlitTranslucent in PCD3D_SM5, Default, SM5 (DDC key hash: AC7E730D542C6B7C8FC9F5FF576A0612F28D8B07), compiling. 
[2025.03.28-02.27.45:865][  0]LogMeshUtilities: Finished distance field build in 0.0s - 14x8x22 distance field, 1488 triangles, Range [-0.0, 0.4], SM_RailRig_Track
[2025.03.28-02.27.45:865][  0]LogShaderCompilers: Display: Submitted 16 shader compile jobs with 'Low' priority
[2025.03.28-02.27.45:949][  0]LogMeshUtilities: Discarded distance field for S_1_Unit_Plane as mesh was not closed!  Assign a two-sided material to fix.
[2025.03.28-02.27.45:949][  0]LogMeshUtilities: Finished distance field build in 0.0s - 8x8x8 distance field, 32 triangles, Range [-0.4, 1.0], S_1_Unit_Plane
[2025.03.28-02.27.45:949][  0]LogMeshUtilities: Finished distance field build in 0.1s - 12x28x16 distance field, 6252 triangles, Range [-0.1, 0.7], SM_CineCam
[2025.03.28-02.27.45:949][  0]LogMaterial: Display: Missing cached shadermap for SkySphereMaterial in PCD3D_SM5, Default, SM5 (DDC key hash: 60843F8AA5084190E609A58C32106A3FDE569E7A), compiling. 
[2025.03.28-02.27.45:971][  0]LogShaderCompilers: Display: Submitted 10 shader compile jobs with 'Low' priority
[2025.03.28-02.27.45:976][  0]LogMaterial: Display: Missing cached shadermap for FloorPlaneMaterial in PCD3D_SM5, Default, SM5 (DDC key hash: 64530F6AB0420AE2AD4308B183BAB472D5238F7F), compiling. 
[2025.03.28-02.27.45:990][  0]LogShaderCompilers: Display: Submitted 11 shader compile jobs with 'Low' priority
[2025.03.28-02.27.45:991][  0]LogTexture: Default maximum texture size for cubemaps generated from long-lat sources has been changed from 512 to unlimited. In order to preserve old behaiour for '/Engine/MapTemplates/Sky/DaylightAmbientCubemap.DaylightAmbientCubemap', its maximum texture size has been explicitly set to 512.
[2025.03.28-02.27.46:063][  0]LogMaterial: Display: Missing cached shadermap for LandscapeGizmo_Mat in PCD3D_SM5, Default, SM5 (DDC key hash: A0928A726FC93240FD31A9EC070F5D159CF53BCE), compiling. 
[2025.03.28-02.27.46:096][  0]LogShaderCompilers: Display: Submitted 28 shader compile jobs with 'Low' priority
[2025.03.28-02.27.46:101][  0]LogMaterial: Display: Missing cached shadermap for LandscapeGizmoHeight_Mat in PCD3D_SM5, Default, SM5 (DDC key hash: A447D29A70774792528F1A8C63473D9D290DB6E0), compiling. 
[2025.03.28-02.27.46:134][  0]LogShaderCompilers: Display: Submitted 33 shader compile jobs with 'Low' priority
[2025.03.28-02.27.48:531][  0]LogMeshUtilities: Finished distance field build in 0.8s - 42x64x42 distance field, 916 triangles, Range [-0.1, 0.6], SM_CraneRig_Body
[2025.03.28-02.27.48:531][  0]LogMaterial: Display: Missing cached shadermap for SplineEditorMeshMat in PCD3D_SM5, Default, SM5 (DDC key hash: 67F76C2DBD2491B25E30AACC8392737C16F9DCD6), compiling. 
[2025.03.28-02.27.48:552][  0]LogShaderCompilers: Display: Submitted 26 shader compile jobs with 'Low' priority
[2025.03.28-02.27.48:590][  0]LogMaterial: Display: Missing cached shadermap for HairDebugMaterial in PCD3D_SM5, Default, SM5 (DDC key hash: 1B959F8FC73D6DA7979F849BCF3561BF440303D1), compiling. 
[2025.03.28-02.27.48:676][  0]LogShaderCompilers: Display: Submitted 66 shader compile jobs with 'Low' priority
[2025.03.28-02.27.48:679][  0]LogMaterial: Display: Missing cached shadermap for HairDefaultMaterial in PCD3D_SM5, Default, SM5 (DDC key hash: C0AF9A8FA8A1F2C2B97B7D7F02361C9C9BA70225), compiling. 
[2025.03.28-02.27.48:724][  0]LogShaderCompilers: Display: Submitted 66 shader compile jobs with 'Low' priority
[2025.03.28-02.27.48:728][  0]LogMaterial: Display: Missing cached shadermap for HairCardsDefaultMaterial in PCD3D_SM5, Default, SM5 (DDC key hash: F882F54F0B9077B5426B13578648802572A1A070), compiling. 
[2025.03.28-02.27.48:804][  0]LogShaderCompilers: Display: Submitted 117 shader compile jobs with 'Low' priority
[2025.03.28-02.27.48:807][  0]LogMaterial: Display: Missing cached shadermap for HairMeshesDefaultMaterial in PCD3D_SM5, Default, SM5 (DDC key hash: A1688C8C372BFC406D734B2AFEB7AF7B0863C5CB), compiling. 
[2025.03.28-02.27.48:851][  0]LogShaderCompilers: Display: Submitted 66 shader compile jobs with 'Low' priority
[2025.03.28-02.27.48:855][  0]LogMaterial: Display: Missing cached shadermap for PokeAHoleMaterial in PCD3D_SM5, Default, SM5 (DDC key hash: 8F20C1DE1FB1BB1A55813DCFF36C44A512BE0A57), compiling. 
[2025.03.28-02.27.48:867][  0]LogShaderCompilers: Display: Submitted 16 shader compile jobs with 'Low' priority
[2025.03.28-02.27.48:868][  0]LogHMD: PokeAHoleMaterial loaded successfully
[2025.03.28-02.27.48:877][  0]LogUObjectArray: 18050 objects as part of root set at end of initial load.
[2025.03.28-02.27.48:877][  0]LogUObjectAllocator: 4611168 out of 0 bytes used by permanent object pool.
[2025.03.28-02.27.48:877][  0]LogUObjectArray: CloseDisregardForGC: 0/0 objects in disregard for GC pool
[2025.03.28-02.27.49:623][  0]LogShaderCompilers: Display: Worker (1/9): shaders left to compile 3448
[2025.03.28-02.27.49:623][  0]LogShaderCompilers: Display: Started 10 'Local' shader compile jobs with 'High' priority
[2025.03.28-02.27.49:623][  0]LogShaderCompilers: Display: Worker (6/9): shaders left to compile 3438
[2025.03.28-02.27.49:623][  0]LogShaderCompilers: Display: Started 10 'Local' shader compile jobs with 'High' priority
[2025.03.28-02.27.49:623][  0]LogShaderCompilers: Display: Worker (4/9): shaders left to compile 3428
[2025.03.28-02.27.49:623][  0]LogShaderCompilers: Display: Started 10 'Local' shader compile jobs with 'High' priority
[2025.03.28-02.27.49:623][  0]LogShaderCompilers: Display: Worker (7/9): shaders left to compile 3418
[2025.03.28-02.27.49:623][  0]LogShaderCompilers: Display: Started 10 'Local' shader compile jobs with 'High' priority
[2025.03.28-02.27.49:623][  0]LogShaderCompilers: Display: Worker (2/9): shaders left to compile 3408
[2025.03.28-02.27.49:623][  0]LogShaderCompilers: Display: Worker (5/9): shaders left to compile 3398
[2025.03.28-02.27.49:623][  0]LogShaderCompilers: Display: Started 20 'Local' shader compile jobs with 'High' priority
[2025.03.28-02.27.50:175][  0]LogMeshUtilities: Finished distance field build in 3.0s - 64x64x64 distance field, 3968 triangles, Range [-0.1, 1.0], EditorSkySphere
[2025.03.28-02.27.50:175][  0]LogMeshUtilities: Finished distance field build in 0.0s - 8x8x8 distance field, 56 triangles, Range [-0.4, 0.6], SM_Sequencer_Node
[2025.03.28-02.27.50:175][  0]LogMeshUtilities: Finished distance field build in 0.1s - 30x30x8 distance field, 60 triangles, Range [-0.1, 1.0], SplineEditorMesh
[2025.03.28-02.27.51:831][  0]LogShaderCompilers: Display: Worker (8/9): shaders left to compile 3388
[2025.03.28-02.27.51:831][  0]LogShaderCompilers: Display: Started 10 'Local' shader compile jobs with 'High' priority
[2025.03.28-02.27.51:831][  0]LogShaderCompilers: Display: Worker (3/9): shaders left to compile 3378
[2025.03.28-02.27.51:831][  0]LogShaderCompilers: Display: Started 10 'Local' shader compile jobs with 'High' priority
[2025.03.28-02.27.52:382][  0]LogMeshUtilities: Finished distance field build in 2.2s - 57x57x64 distance field, 448 triangles, Range [-0.5, 0.7], EditorCylinder
[2025.03.28-02.27.52:382][  0]LogMeshUtilities: Finished distance field build in 0.3s - 10x64x64 distance field, 32 triangles, Range [-0.0, 1.0], EditorPlane
[2025.03.28-02.27.55:131][  0]LogShaderCompilers: Display: Worker (9/9): shaders left to compile 3368
[2025.03.28-02.27.55:131][  0]LogShaderCompilers: Display: Started 10 'Local' shader compile jobs with 'High' priority
[2025.03.28-02.27.55:684][  0]LogMeshUtilities: Finished distance field build in 3.0s - 64x64x64 distance field, 3968 triangles, Range [-0.6, 1.0], EditorSphere
[2025.03.28-02.27.56:783][  0]LogShaderCompilers: Display: Worker (4/9): shaders left to compile 3358
[2025.03.28-02.27.56:783][  0]LogShaderCompilers: Display: Started 10 'Local' shader compile jobs with 'High' priority
[2025.03.28-02.27.58:434][  0]LogMeshUtilities: Finished distance field build in 2.7s - 64x64x64 distance field, 12 triangles, Range [-0.7, 0.6], EditorCube
[2025.03.28-02.27.58:434][  0]LogMeshUtilities: Finished distance field build in 0.1s - 19x13x27 distance field, 200 triangles, Range [-0.3, 0.8], SM_CraneRig_Mount
[2025.03.28-02.27.59:537][  0]LogMeshUtilities: Finished distance field build in 1.0s - 63x54x41 distance field, 1068 triangles, Range [-0.1, 1.0], SM_CraneRig_Base
[2025.03.28-02.28.00:093][  0]LogShaderCompilers: Display: Worker (1/9): shaders left to compile 3348
[2025.03.28-02.28.00:093][  0]LogShaderCompilers: Display: Started 10 'Local' shader compile jobs with 'High' priority
[2025.03.28-02.28.01:193][  0]LogShaderCompilers: Display: Worker (9/9): shaders left to compile 3338
[2025.03.28-02.28.01:193][  0]LogShaderCompilers: Display: Started 10 'Local' shader compile jobs with 'High' priority
[2025.03.28-02.28.02:300][  0]LogShaderCompilers: Display: Worker (6/9): shaders left to compile 3328
[2025.03.28-02.28.02:300][  0]LogShaderCompilers: Display: Started 10 'Local' shader compile jobs with 'High' priority
[2025.03.28-02.28.02:852][  0]LogShaderCompilers: Display: Worker (8/9): shaders left to compile 3318
[2025.03.28-02.28.02:852][  0]LogShaderCompilers: Display: Started 10 'Local' shader compile jobs with 'High' priority
